,0,1,3
0,"1 Jan 2018, 17:53:34 IST",https://www.youtube.com/watch?v=4I4TrdgWLhw,26
1,"1 Jan 2018, 17:52:17 IST",https://www.youtube.com/watch?v=f2LFSz0albg,25
2,"1 Jan 2018, 09:43:27 IST",https://www.youtube.com/watch?v=FiBB1x_RJL8,20
3,"31 Dec 2017, 18:14:13 IST",https://www.youtube.com/watch?v=YqCswPh8IJg,24
4,"31 Dec 2017, 18:06:17 IST",https://www.youtube.com/watch?v=MnQLjZSX7xM,1
6,"31 Dec 2017, 08:55:20 IST",https://www.youtube.com/watch?v=jU0I6t5fXLI,23
7,"31 Dec 2017, 08:44:39 IST",https://www.youtube.com/watch?v=jop-fO-yHx4,27
8,"30 Dec 2017, 17:24:57 IST",https://www.youtube.com/watch?v=fwRiFQjMkNs,27
10,"30 Dec 2017, 16:49:58 IST",https://www.youtube.com/watch?v=P-UKPpmQlys,25
13,"29 Dec 2017, 20:28:41 IST",https://www.youtube.com/watch?v=XN5N1BEcwDw,25
14,"29 Dec 2017, 20:15:17 IST",https://www.youtube.com/watch?v=rqNHHY1Ni_c,23
15,"29 Dec 2017, 20:11:11 IST",https://www.youtube.com/watch?v=zW8l9y9esZU,24
16,"29 Dec 2017, 20:07:02 IST",https://www.youtube.com/watch?v=nQzqhBndhyg,24
17,"29 Dec 2017, 19:57:33 IST",https://www.youtube.com/watch?v=zxgW4HfMos4,25
18,"29 Dec 2017, 19:51:57 IST",https://www.youtube.com/watch?v=DLUMINLTNLE,25
20,"29 Dec 2017, 19:27:01 IST",https://www.youtube.com/watch?v=oxHIftZVfrQ,25
21,"29 Dec 2017, 19:13:27 IST",https://www.youtube.com/watch?v=Qs1FifzxUqU,24
23,"29 Dec 2017, 19:06:22 IST",https://www.youtube.com/watch?v=0NRnbbLmr90,24
24,"29 Dec 2017, 18:56:22 IST",https://www.youtube.com/watch?v=8g8dyFQCjU4,24
25,"29 Dec 2017, 14:40:49 IST",https://www.youtube.com/watch?v=tu-Qe66AvtY,27
26,"29 Dec 2017, 10:46:43 IST",https://www.youtube.com/watch?v=y482PpyQZMM,27
28,"29 Dec 2017, 10:06:21 IST",https://www.youtube.com/watch?v=IRf6W7EyWnk,25
29,"29 Dec 2017, 10:06:17 IST",https://www.youtube.com/watch?v=QMkKfdOpAeM,27
30,"29 Dec 2017, 10:06:13 IST",https://www.youtube.com/watch?v=CYD87ot6-7E,26
31,"28 Dec 2017, 16:47:40 IST",https://www.youtube.com/watch?v=1Y6WRc4J4EI,27
32,"28 Dec 2017, 06:19:51 IST",https://www.youtube.com/watch?v=5uQB-eFFQaI,22
34,"27 Dec 2017, 12:34:43 IST",https://www.youtube.com/watch?v=JhpsnCBbWJo,27
35,"27 Dec 2017, 11:35:20 IST",https://www.youtube.com/watch?v=1PHNj2Mitg8,28
37,"27 Dec 2017, 10:55:17 IST",https://www.youtube.com/watch?v=EpFl5HWIOlM,26
38,"27 Dec 2017, 10:54:17 IST",https://www.youtube.com/watch?v=XN5N1BEcwDw,25
40,"26 Dec 2017, 20:37:02 IST",https://www.youtube.com/watch?v=uheJQjs2nQY,22
41,"26 Dec 2017, 20:16:26 IST",https://www.youtube.com/watch?v=IoinmjCmM-E,28
42,"26 Dec 2017, 20:10:25 IST",https://www.youtube.com/watch?v=AznYSnJEjSU,28
43,"26 Dec 2017, 14:12:37 IST",https://www.youtube.com/watch?v=5WnumDQyJhg,27
44,"26 Dec 2017, 13:40:43 IST",https://www.youtube.com/watch?v=b7rhFPcj230,20
45,"26 Dec 2017, 11:58:14 IST",https://www.youtube.com/watch?v=UHhM96w94zQ,22
46,"26 Dec 2017, 11:57:53 IST",https://www.youtube.com/watch?v=iq4eOaox5Oo,27
48,"26 Dec 2017, 10:38:11 IST",https://www.youtube.com/watch?v=NOPo-yYpp9s,27
49,"26 Dec 2017, 10:32:16 IST",https://www.youtube.com/watch?v=TP7O2VV6sCE,27
50,"26 Dec 2017, 10:15:29 IST",https://www.youtube.com/watch?v=UVAf7S5nteg,25
51,"26 Dec 2017, 10:15:28 IST",https://www.youtube.com/watch?v=_OC9wgesZp8,27
52,"26 Dec 2017, 10:15:26 IST",https://www.youtube.com/watch?v=7GTCY949wQ0,28
53,"26 Dec 2017, 10:15:23 IST",https://www.youtube.com/watch?v=pnfXrRjC4Zk,27
54,"26 Dec 2017, 10:15:21 IST",https://www.youtube.com/watch?v=R4F4ef7Xv5A,1
56,"25 Dec 2017, 21:26:27 IST",https://www.youtube.com/watch?v=VJ9e6sIo9PY,25
57,"25 Dec 2017, 21:20:59 IST",https://www.youtube.com/watch?v=m4nDbapCtE8,22
58,"25 Dec 2017, 21:11:13 IST",https://www.youtube.com/watch?v=ecQ6K5_g_kA,26
59,"25 Dec 2017, 18:31:07 IST",https://www.youtube.com/watch?v=gLVZNTtr_rI,24
60,"25 Dec 2017, 16:57:35 IST",https://www.youtube.com/watch?v=oy9L0b5X0BY,27
61,"25 Dec 2017, 16:57:27 IST",https://www.youtube.com/watch?v=RZyiy9bbeNE,27
62,"25 Dec 2017, 16:56:07 IST",https://www.youtube.com/watch?v=FgtekgMca2E,27
63,"25 Dec 2017, 16:53:57 IST",https://www.youtube.com/watch?v=wkDiwOAqfuI,27
64,"25 Dec 2017, 16:53:35 IST",https://www.youtube.com/watch?v=gHA4M2cqWb0,27
65,"25 Dec 2017, 15:21:50 IST",https://www.youtube.com/watch?v=a18py61_F_w,10
66,"25 Dec 2017, 15:14:26 IST",https://www.youtube.com/watch?v=kw4tT7SCmaY,10
67,"25 Dec 2017, 15:13:16 IST",https://www.youtube.com/watch?v=iViz1ZG4AWs,10
68,"25 Dec 2017, 11:36:51 IST",https://www.youtube.com/watch?v=oVYGGEL89og,26
69,"25 Dec 2017, 11:34:11 IST",https://www.youtube.com/watch?v=srnJ1pHDsY4,26
70,"25 Dec 2017, 11:30:46 IST",https://www.youtube.com/watch?v=bhgZGnaMIyo,26
71,"25 Dec 2017, 11:29:14 IST",https://www.youtube.com/watch?v=d8nR17xdL5k,26
73,"25 Dec 2017, 10:58:04 IST",https://www.youtube.com/watch?v=qjBdcyueom8,27
74,"24 Dec 2017, 19:28:07 IST",https://www.youtube.com/watch?v=TiIdY28iTE0,27
75,"24 Dec 2017, 17:07:54 IST",https://www.youtube.com/watch?v=0XgpYXVN-Kk,24
76,"24 Dec 2017, 17:04:55 IST",https://www.youtube.com/watch?v=bJqMN_hH6zI,24
77,"24 Dec 2017, 15:34:33 IST",https://www.youtube.com/watch?v=FSZd33awqQk,24
78,"24 Dec 2017, 15:12:16 IST",https://www.youtube.com/watch?v=vW2X3cfNLag,20
79,"24 Dec 2017, 13:20:46 IST",https://www.youtube.com/watch?v=fL30bWrGrfE,28
80,"24 Dec 2017, 11:08:30 IST",https://www.youtube.com/watch?v=VvCytJvd4H0,27
81,"24 Dec 2017, 10:59:32 IST",https://www.youtube.com/watch?v=R3FYtOPNIuY,23
84,"23 Dec 2017, 17:29:39 IST",https://www.youtube.com/watch?v=Yy55avmpoJk,27
85,"23 Dec 2017, 17:28:12 IST",https://www.youtube.com/watch?v=LBK5GgMB988,27
86,"23 Dec 2017, 17:27:14 IST",https://www.youtube.com/watch?v=qJq7I2DLGzI,27
87,"23 Dec 2017, 17:23:50 IST",https://www.youtube.com/watch?v=RBotJacQycc,27
88,"23 Dec 2017, 17:23:41 IST",https://www.youtube.com/watch?v=quVFPh1eotE,27
89,"23 Dec 2017, 17:07:43 IST",https://www.youtube.com/watch?v=oy9L0b5X0BY,27
90,"23 Dec 2017, 17:03:08 IST",https://www.youtube.com/watch?v=BWBD3i00AfM,27
91,"23 Dec 2017, 15:08:40 IST",https://www.youtube.com/watch?v=Yus8zAculWA,27
92,"23 Dec 2017, 14:46:56 IST",https://www.youtube.com/watch?v=xLSoF3dhrEY,26
93,"23 Dec 2017, 14:03:27 IST",https://www.youtube.com/watch?v=wqvk-Cj1pVA,28
94,"23 Dec 2017, 12:42:15 IST",https://www.youtube.com/watch?v=XHmte27gHP0,17
95,"23 Dec 2017, 12:33:12 IST",https://www.youtube.com/watch?v=aaoJTPxBWWo,17
96,"23 Dec 2017, 11:45:01 IST",https://www.youtube.com/watch?v=SYNpa2hzsy4,24
97,"23 Dec 2017, 08:23:12 IST",https://www.youtube.com/watch?v=A6ouKQjvSmw,28
98,"23 Dec 2017, 08:15:21 IST",https://www.youtube.com/watch?v=i_cF6k5hse4,20
99,"22 Dec 2017, 22:52:41 IST",https://www.youtube.com/watch?v=wkDiwOAqfuI,27
100,"22 Dec 2017, 22:50:53 IST",https://www.youtube.com/watch?v=hi2yiY-zNxQ,27
101,"22 Dec 2017, 22:50:42 IST",https://www.youtube.com/watch?v=gHA4M2cqWb0,27
102,"22 Dec 2017, 22:28:31 IST",https://www.youtube.com/watch?v=Yus8zAculWA,27
103,"22 Dec 2017, 22:19:00 IST",https://www.youtube.com/watch?v=3a6z0yxxfaM,27
104,"22 Dec 2017, 22:18:48 IST",https://www.youtube.com/watch?v=KU1PslMiZ98,27
105,"22 Dec 2017, 22:14:06 IST",https://www.youtube.com/watch?v=BWBD3i00AfM,27
106,"22 Dec 2017, 20:56:36 IST",https://www.youtube.com/watch?v=MmKY00znzNE,26
107,"22 Dec 2017, 20:51:21 IST",https://www.youtube.com/watch?v=G4ZcdFydXyE,24
108,"22 Dec 2017, 20:47:30 IST",https://www.youtube.com/watch?v=4-BTxXm8KSg,1
109,"22 Dec 2017, 20:21:20 IST",https://www.youtube.com/watch?v=iX2K5mDxLOQ,26
110,"22 Dec 2017, 20:11:45 IST",https://www.youtube.com/watch?v=OQyRuOEKfVk,24
112,"22 Dec 2017, 19:54:47 IST",https://www.youtube.com/watch?v=eZUMk9JDkZc,26
113,"22 Dec 2017, 19:50:50 IST",https://www.youtube.com/watch?v=K0BHLWugY14,17
114,"22 Dec 2017, 19:46:48 IST",https://www.youtube.com/watch?v=dA1kLZyI8Eg,26
115,"22 Dec 2017, 19:43:54 IST",https://www.youtube.com/watch?v=Yy55avmpoJk,27
116,"22 Dec 2017, 19:31:31 IST",https://www.youtube.com/watch?v=LBK5GgMB988,27
117,"22 Dec 2017, 19:23:02 IST",https://www.youtube.com/watch?v=J2MItemlTcE,27
118,"22 Dec 2017, 19:15:47 IST",https://www.youtube.com/watch?v=RBotJacQycc,27
119,"22 Dec 2017, 19:09:57 IST",https://www.youtube.com/watch?v=tkMSAme-BnY,27
120,"22 Dec 2017, 19:05:26 IST",https://www.youtube.com/watch?v=quVFPh1eotE,27
121,"22 Dec 2017, 18:59:27 IST",https://www.youtube.com/watch?v=rbWL8zFMWZc,27
122,"22 Dec 2017, 18:46:24 IST",https://www.youtube.com/watch?v=iaaBYHyvliI,27
123,"22 Dec 2017, 18:15:54 IST",https://www.youtube.com/watch?v=oy9L0b5X0BY,27
124,"22 Dec 2017, 18:13:18 IST",https://www.youtube.com/watch?v=ToXknbBmCr8,27
125,"22 Dec 2017, 14:43:10 IST",https://www.youtube.com/watch?v=5WnumDQyJhg,27
126,"22 Dec 2017, 14:27:56 IST",https://www.youtube.com/watch?v=RZyiy9bbeNE,27
127,"22 Dec 2017, 13:49:05 IST",https://www.youtube.com/watch?v=FgtekgMca2E,27
128,"22 Dec 2017, 13:35:39 IST",https://www.youtube.com/watch?v=0WOqJy3lot4,27
129,"22 Dec 2017, 12:33:59 IST",https://www.youtube.com/watch?v=8NNgZpABmLE,27
130,"22 Dec 2017, 08:40:59 IST",https://www.youtube.com/watch?v=wMn8d7IeCYM,24
131,"22 Dec 2017, 08:32:27 IST",https://www.youtube.com/watch?v=7cCMmHqHHQ0,26
132,"22 Dec 2017, 07:53:38 IST",https://www.youtube.com/watch?v=6UzGPQOYONk,28
133,"22 Dec 2017, 07:47:48 IST",https://www.youtube.com/watch?v=5czA_L_eOp4,27
134,"21 Dec 2017, 08:55:18 IST",https://www.youtube.com/watch?v=LgKCz4wFPk0,20
135,"21 Dec 2017, 08:53:09 IST",https://www.youtube.com/watch?v=8NNgZpABmLE,27
136,"21 Dec 2017, 08:34:08 IST",https://www.youtube.com/watch?v=5eipUK1N160,27
137,"21 Dec 2017, 08:30:03 IST",https://www.youtube.com/watch?v=Rh2RwNFFEIk,22
139,"21 Dec 2017, 08:08:46 IST",https://www.youtube.com/watch?v=iyzE0RnURvk,25
140,"20 Dec 2017, 21:03:20 IST",https://www.youtube.com/watch?v=ZwEquW_Yij0,26
141,"20 Dec 2017, 20:09:46 IST",https://www.youtube.com/watch?v=Ee3EtYb8d1o,27
143,"20 Dec 2017, 19:53:43 IST",https://www.youtube.com/watch?v=awrI4HB_YqY,23
144,"20 Dec 2017, 18:01:33 IST",https://www.youtube.com/watch?v=NA1sartCxl0,23
145,"20 Dec 2017, 17:56:48 IST",https://www.youtube.com/watch?v=Fl_zsBL9b0U,26
146,"20 Dec 2017, 17:48:03 IST",https://www.youtube.com/watch?v=vmAMwt66ZxQ,27
147,"20 Dec 2017, 17:43:21 IST",https://www.youtube.com/watch?v=wqvk-Cj1pVA,28
148,"20 Dec 2017, 17:41:34 IST",https://www.youtube.com/watch?v=djw8Va0OazQ,27
149,"20 Dec 2017, 17:36:52 IST",https://www.youtube.com/watch?v=JtBhUnXx9Go,27
152,"19 Dec 2017, 18:54:45 IST",https://www.youtube.com/watch?v=KcWXKmnZZVo,24
153,"19 Dec 2017, 18:48:47 IST",https://www.youtube.com/watch?v=rmKBD29XWGE,22
154,"19 Dec 2017, 18:28:27 IST",https://www.youtube.com/watch?v=aGP4o-Nn2e0,25
155,"19 Dec 2017, 17:50:36 IST",https://www.youtube.com/watch?v=MFWF9dU5Zc0,24
156,"19 Dec 2017, 17:45:23 IST",https://www.youtube.com/watch?v=zO0b-l-u7Yk,27
157,"18 Dec 2017, 19:23:16 IST",https://www.youtube.com/watch?v=Ee3EtYb8d1o,27
159,"18 Dec 2017, 18:26:07 IST",https://www.youtube.com/watch?v=0sMFQtVRN1Q,25
160,"18 Dec 2017, 18:23:05 IST",https://www.youtube.com/watch?v=Q3vNxXWvtMI,25
162,"18 Dec 2017, 17:48:27 IST",https://www.youtube.com/watch?v=8Y1AZ1b4fNA,23
163,"18 Dec 2017, 17:48:19 IST",https://www.youtube.com/watch?v=teogyQ7_r4s,25
164,"18 Dec 2017, 17:38:26 IST",https://www.youtube.com/watch?v=SRNKRQX9hmY,28
166,"18 Dec 2017, 16:15:28 IST",https://www.youtube.com/watch?v=ZVnkH8TjIxI,20
167,"18 Dec 2017, 13:50:09 IST",https://www.youtube.com/watch?v=w6R8PWhQPXw,10
168,"18 Dec 2017, 13:42:34 IST",https://www.youtube.com/watch?v=L1AuR4NORTk,23
169,"18 Dec 2017, 13:29:49 IST",https://www.youtube.com/watch?v=fghQ0uWfEnM,25
170,"18 Dec 2017, 13:29:43 IST",https://www.youtube.com/watch?v=2k4-HORQljc,25
171,"18 Dec 2017, 13:25:02 IST",https://www.youtube.com/watch?v=nbgy2ie4U7o,25
172,"15 Dec 2017, 17:53:14 IST",https://www.youtube.com/watch?v=uQ3Ev-8p2Fw,24
173,"15 Dec 2017, 11:06:43 IST",https://www.youtube.com/watch?v=zuRTS9oFGwc,22
174,"15 Dec 2017, 10:09:11 IST",https://www.youtube.com/watch?v=gWWXiioLHGQ,22
175,"15 Dec 2017, 09:41:09 IST",https://www.youtube.com/watch?v=teogyQ7_r4s,25
176,"15 Dec 2017, 09:36:51 IST",https://www.youtube.com/watch?v=U3FGFXwSFWA,25
178,"15 Dec 2017, 09:18:56 IST",https://www.youtube.com/watch?v=La5BPoJOhSg,28
179,"15 Dec 2017, 09:18:42 IST",https://www.youtube.com/watch?v=1KIqEmKJ1y0,28
180,"15 Dec 2017, 09:18:38 IST",https://www.youtube.com/watch?v=8nRrj2K6me4,28
181,"15 Dec 2017, 07:45:10 IST",https://www.youtube.com/watch?v=k7RM-ot2NWY,27
182,"14 Dec 2017, 21:41:06 IST",https://www.youtube.com/watch?v=Xyikqxmm4W0,29
183,"14 Dec 2017, 21:26:04 IST",https://www.youtube.com/watch?v=qOEB1Fr0_MM,29
184,"14 Dec 2017, 21:23:25 IST",https://www.youtube.com/watch?v=vI4LHl4yFuo,28
185,"14 Dec 2017, 21:05:14 IST",https://www.youtube.com/watch?v=ZtZX98yO9-k,25
186,"14 Dec 2017, 21:01:48 IST",https://www.youtube.com/watch?v=q4gStPCvuoE,25
187,"14 Dec 2017, 20:27:55 IST",https://www.youtube.com/watch?v=xRL2vVAa47I,22
188,"14 Dec 2017, 16:52:38 IST",https://www.youtube.com/watch?v=aXX5Vm8qiKI,24
189,"13 Dec 2017, 21:00:18 IST",https://www.youtube.com/watch?v=c91XUyg9iWM,24
190,"13 Dec 2017, 20:56:40 IST",https://www.youtube.com/watch?v=RW62xekiK2M,20
191,"13 Dec 2017, 20:53:06 IST",https://www.youtube.com/watch?v=G30OS2-U4qU,23
192,"13 Dec 2017, 20:17:52 IST",https://www.youtube.com/watch?v=iLDMTqCK0eQ,26
193,"13 Dec 2017, 20:01:28 IST",https://www.youtube.com/watch?v=Q0H0fV5TCQI,28
195,"13 Dec 2017, 19:53:51 IST",https://www.youtube.com/watch?v=xiQX0YXYuqU,28
196,"13 Dec 2017, 17:58:41 IST",https://www.youtube.com/watch?v=TaCX29Fp9eA,28
197,"13 Dec 2017, 17:22:56 IST",https://www.youtube.com/watch?v=jb164V4OoFw,26
198,"13 Dec 2017, 15:54:33 IST",https://www.youtube.com/watch?v=qx55Sa8UZAQ,28
199,"13 Dec 2017, 12:27:51 IST",https://www.youtube.com/watch?v=qoXxITpmLgc,22
200,"12 Dec 2017, 23:21:10 IST",https://www.youtube.com/watch?v=RnAPxkS64HE,28
201,"12 Dec 2017, 23:07:31 IST",https://www.youtube.com/watch?v=Hls3Tp7JS8E,1
202,"12 Dec 2017, 21:46:52 IST",https://www.youtube.com/watch?v=Rh89n4y1vXM,25
203,"12 Dec 2017, 21:41:52 IST",https://www.youtube.com/watch?v=WL6bImDYhlQ,25
204,"12 Dec 2017, 21:37:08 IST",https://www.youtube.com/watch?v=F3Jj8jqcLns,25
205,"12 Dec 2017, 21:23:46 IST",https://www.youtube.com/watch?v=h-h5Mhlt6O0,28
206,"12 Dec 2017, 20:56:37 IST",https://www.youtube.com/watch?v=IBNZLREqBxg,28
207,"12 Dec 2017, 18:04:28 IST",https://www.youtube.com/watch?v=XFDM1ip5HdU,27
208,"12 Dec 2017, 14:55:15 IST",https://www.youtube.com/watch?v=sD0NjbwqlYw,27
209,"12 Dec 2017, 14:35:47 IST",https://www.youtube.com/watch?v=TgKwz5Ikpc8,27
210,"12 Dec 2017, 14:13:16 IST",https://www.youtube.com/watch?v=PFDu9oVAE-g,27
211,"12 Dec 2017, 13:59:41 IST",https://www.youtube.com/watch?v=P2LTAUO1TdA,27
212,"12 Dec 2017, 13:46:14 IST",https://www.youtube.com/watch?v=BaM7OCEm3G0,27
213,"12 Dec 2017, 13:33:38 IST",https://www.youtube.com/watch?v=eu6i7WJeinw,27
214,"12 Dec 2017, 13:19:23 IST",https://www.youtube.com/watch?v=LyGKycYT2v0,27
215,"12 Dec 2017, 13:19:03 IST",https://www.youtube.com/watch?v=kjBOesZCoqc,27
216,"12 Dec 2017, 13:12:53 IST",https://www.youtube.com/watch?v=OkmNXy7er84,27
217,"12 Dec 2017, 11:55:44 IST",https://www.youtube.com/watch?v=h2rR77VsF5c,27
218,"12 Dec 2017, 11:42:19 IST",https://www.youtube.com/watch?v=g77CadH_IeY,28
219,"11 Dec 2017, 20:03:09 IST",https://www.youtube.com/watch?v=OkmNXy7er84,27
220,"11 Dec 2017, 18:09:43 IST",https://www.youtube.com/watch?v=9YkH5_uhF8A,27
221,"11 Dec 2017, 18:00:09 IST",https://www.youtube.com/watch?v=8bCkScZswFA,17
222,"11 Dec 2017, 17:57:29 IST",https://www.youtube.com/watch?v=DUcMeEldhKI,22
223,"11 Dec 2017, 17:51:37 IST",https://www.youtube.com/watch?v=KShfEMy8UZQ,27
224,"11 Dec 2017, 17:42:17 IST",https://www.youtube.com/watch?v=ii3n7hYQOl4,24
225,"11 Dec 2017, 17:39:44 IST",https://www.youtube.com/watch?v=cSp1dM2Vj48,24
226,"11 Dec 2017, 09:39:37 IST",https://www.youtube.com/watch?v=H4VrKHVG5qI,27
227,"11 Dec 2017, 09:33:34 IST",https://www.youtube.com/watch?v=8LusJS5-AGo,27
228,"9 Dec 2017, 09:52:45 IST",https://www.youtube.com/watch?v=CnrndUAUe9s,26
230,"8 Dec 2017, 20:45:11 IST",https://www.youtube.com/watch?v=RN2LsQ9Y9gE,25
231,"8 Dec 2017, 20:33:11 IST",https://www.youtube.com/watch?v=FdkPHShh628,28
232,"8 Dec 2017, 20:01:57 IST",https://www.youtube.com/watch?v=qul2B8iPC-o,28
233,"8 Dec 2017, 17:16:08 IST",https://www.youtube.com/watch?v=2RBazTfpybw,10
234,"8 Dec 2017, 15:56:51 IST",https://www.youtube.com/watch?v=u2iQHnEAS0Q,27
235,"8 Dec 2017, 14:24:18 IST",https://www.youtube.com/watch?v=nShlloNgM2E,27
236,"8 Dec 2017, 14:17:24 IST",https://www.youtube.com/watch?v=kJQP7kiw5Fk,10
237,"8 Dec 2017, 14:03:49 IST",https://www.youtube.com/watch?v=LyGKycYT2v0,27
238,"8 Dec 2017, 13:56:33 IST",https://www.youtube.com/watch?v=v8VSDg_WQlA,27
239,"8 Dec 2017, 13:39:02 IST",https://www.youtube.com/watch?v=FlsCjmMhFmw,24
240,"8 Dec 2017, 13:39:00 IST",https://www.youtube.com/watch?v=OIQQ8jmsbMM,24
241,"8 Dec 2017, 13:26:58 IST",https://www.youtube.com/watch?v=w4AImq08j9o,23
242,"8 Dec 2017, 13:17:08 IST",https://www.youtube.com/watch?v=BfOLimMAhrs,28
243,"8 Dec 2017, 12:56:21 IST",https://www.youtube.com/watch?v=xhybjeRciYg,28
244,"8 Dec 2017, 12:55:13 IST",https://www.youtube.com/watch?v=J1yIApZtLos,27
246,"6 Dec 2017, 09:37:04 IST",https://www.youtube.com/watch?v=13XU4fMlN3w,25
248,"5 Dec 2017, 21:05:55 IST",https://www.youtube.com/watch?v=Jq6BcBDMvi0,22
249,"5 Dec 2017, 20:28:49 IST",https://www.youtube.com/watch?v=0vJB5Nvirxs,25
251,"5 Dec 2017, 17:31:58 IST",https://www.youtube.com/watch?v=Wzvr_rtI82w,28
252,"5 Dec 2017, 17:28:38 IST",https://www.youtube.com/watch?v=0JJr9uZodg8,23
253,"5 Dec 2017, 17:22:08 IST",https://www.youtube.com/watch?v=LJRtwBrb2xU,27
254,"5 Dec 2017, 16:43:29 IST",https://www.youtube.com/watch?v=uQhTuRlWMxw,27
255,"5 Dec 2017, 16:29:21 IST",https://www.youtube.com/watch?v=Ip3X9LOh2dk,27
256,"5 Dec 2017, 16:10:55 IST",https://www.youtube.com/watch?v=dCTV2JF0pU0,28
257,"5 Dec 2017, 16:05:43 IST",https://www.youtube.com/watch?v=xMoYFkjxFD8,28
258,"5 Dec 2017, 16:02:01 IST",https://www.youtube.com/watch?v=udXcx3LmgwY,28
259,"5 Dec 2017, 15:52:00 IST",https://www.youtube.com/watch?v=rHLEWRxRGiM,27
260,"5 Dec 2017, 15:39:08 IST",https://www.youtube.com/watch?v=XkY2DOUCWMU,27
261,"5 Dec 2017, 15:19:36 IST",https://www.youtube.com/watch?v=kYB8IZa5AuE,27
262,"5 Dec 2017, 15:06:37 IST",https://www.youtube.com/watch?v=k7RM-ot2NWY,27
263,"5 Dec 2017, 14:55:23 IST",https://www.youtube.com/watch?v=fNk_zzaMoSs,27
264,"5 Dec 2017, 14:48:18 IST",https://www.youtube.com/watch?v=kjBOesZCoqc,27
265,"5 Dec 2017, 14:44:32 IST",https://www.youtube.com/watch?v=PIeF4WRsgGQ,25
267,"5 Dec 2017, 06:55:42 IST",https://www.youtube.com/watch?v=qxQ4dHpzKFE,27
268,"4 Dec 2017, 20:27:24 IST",https://www.youtube.com/watch?v=DS2DOEkorDo,27
269,"4 Dec 2017, 20:11:52 IST",https://www.youtube.com/watch?v=bBYoWMpRpnE,26
270,"4 Dec 2017, 15:19:53 IST",https://www.youtube.com/watch?v=x4gQHzfLKsg,23
271,"4 Dec 2017, 15:13:38 IST",https://www.youtube.com/watch?v=64K0ZNYZBs0,24
272,"4 Dec 2017, 10:51:03 IST",https://www.youtube.com/watch?v=ci6viCNdAjI,26
273,"4 Dec 2017, 10:45:40 IST",https://www.youtube.com/watch?v=34Na4j8AVgA,10
274,"4 Dec 2017, 07:40:38 IST",https://www.youtube.com/watch?v=ZUMYU6sVqqI,22
275,"3 Dec 2017, 21:34:11 IST",https://www.youtube.com/watch?v=DS2DOEkorDo,27
276,"3 Dec 2017, 16:45:37 IST",https://www.youtube.com/watch?v=2bgZmBAnhdg,27
277,"3 Dec 2017, 16:34:53 IST",https://www.youtube.com/watch?v=VjdCDZ0f3s4,27
278,"3 Dec 2017, 16:28:17 IST",https://www.youtube.com/watch?v=rDE1GBUjTUM,27
279,"3 Dec 2017, 15:56:31 IST",https://www.youtube.com/watch?v=jK6I2EjvGtM,25
280,"3 Dec 2017, 15:26:19 IST",https://www.youtube.com/watch?v=NdI1W8Hqvd8,26
281,"3 Dec 2017, 12:54:39 IST",https://www.youtube.com/watch?v=S9JGmA5_unY,27
282,"3 Dec 2017, 12:52:34 IST",https://www.youtube.com/watch?v=MzRCDLre1b4,27
283,"3 Dec 2017, 12:02:44 IST",https://www.youtube.com/watch?v=bBC-nXj3Ng4,27
284,"3 Dec 2017, 09:49:06 IST",https://www.youtube.com/watch?v=KYcv4-rrqlo,22
286,"1 Dec 2017, 19:16:25 IST",https://www.youtube.com/watch?v=Z7eLiwH-n7s,24
287,"1 Dec 2017, 19:07:34 IST",https://www.youtube.com/watch?v=WzEsqoPcM1o,26
288,"1 Dec 2017, 18:49:34 IST",https://www.youtube.com/watch?v=Iz1BSyJfBqQ,26
289,"1 Dec 2017, 18:49:07 IST",https://www.youtube.com/watch?v=jlUmTSCRVIA,26
290,"1 Dec 2017, 14:37:31 IST",https://www.youtube.com/watch?v=tSE97-fOQtw,25
291,"1 Dec 2017, 14:29:34 IST",https://www.youtube.com/watch?v=5nmX3R0qHUg,27
292,"1 Dec 2017, 14:29:04 IST",https://www.youtube.com/watch?v=_GGwfGSHJCY,22
293,"1 Dec 2017, 14:12:41 IST",https://www.youtube.com/watch?v=tkgHTxp6VNU,25
294,"1 Dec 2017, 13:52:34 IST",https://www.youtube.com/watch?v=WOqXQ_MVXUo,25
295,"1 Dec 2017, 13:30:31 IST",https://www.youtube.com/watch?v=F9WtmHXQioY,25
296,"1 Dec 2017, 13:12:58 IST",https://www.youtube.com/watch?v=eeX55puKt6A,25
298,"1 Dec 2017, 12:27:42 IST",https://www.youtube.com/watch?v=TyAJdW4KqJs,27
299,"1 Dec 2017, 12:19:39 IST",https://www.youtube.com/watch?v=vcTqEEQBalI,25
300,"1 Dec 2017, 12:09:35 IST",https://www.youtube.com/watch?v=Uj3kSyJjedg,25
301,"1 Dec 2017, 11:43:21 IST",https://www.youtube.com/watch?v=_ucR-1NodAs,25
302,"1 Dec 2017, 11:33:46 IST",https://www.youtube.com/watch?v=m4hrHUo70nY,27
303,"1 Dec 2017, 11:28:06 IST",https://www.youtube.com/watch?v=SgAciGPPW7A,26
304,"1 Dec 2017, 11:14:58 IST",https://www.youtube.com/watch?v=EFF8lJZh7Ak,27
305,"1 Dec 2017, 11:11:40 IST",https://www.youtube.com/watch?v=Z9RITW7C-zo,28
306,"1 Dec 2017, 10:49:23 IST",https://www.youtube.com/watch?v=s_OYcu-y4OY,23
307,"1 Dec 2017, 10:48:57 IST",https://www.youtube.com/watch?v=qzR62JJCMBQ,22
308,"1 Dec 2017, 09:26:46 IST",https://www.youtube.com/watch?v=OdyepkGhQ34,25
309,"30 Nov 2017, 19:15:46 IST",https://www.youtube.com/watch?v=8EPsnf_ZYU0,28
310,"30 Nov 2017, 12:23:07 IST",https://www.youtube.com/watch?v=5iqaz_Iavks,25
311,"30 Nov 2017, 12:17:28 IST",https://www.youtube.com/watch?v=Ul2L2HXGwQQ,26
312,"30 Nov 2017, 12:16:26 IST",https://www.youtube.com/watch?v=j8LTjzih2sQ,23
313,"30 Nov 2017, 12:13:43 IST",https://www.youtube.com/watch?v=XrV88qydJRk,22
314,"30 Nov 2017, 09:14:56 IST",https://www.youtube.com/watch?v=UAdJvXMIlXc,28
315,"30 Nov 2017, 09:14:53 IST",https://www.youtube.com/watch?v=8dg6qzEF6Xc,28
316,"30 Nov 2017, 08:42:36 IST",https://www.youtube.com/watch?v=nx1R-eHSkfM,10
317,"30 Nov 2017, 08:40:02 IST",https://www.youtube.com/watch?v=DfbzhsHc_TI,22
318,"30 Nov 2017, 08:39:13 IST",https://www.youtube.com/watch?v=3GRSbr0EYYU,24
319,"29 Nov 2017, 21:35:12 IST",https://www.youtube.com/watch?v=rchVXWdpVvQ,22
320,"29 Nov 2017, 21:20:06 IST",https://www.youtube.com/watch?v=sULa9Lc4pck,27
321,"29 Nov 2017, 20:41:53 IST",https://www.youtube.com/watch?v=4bgMs_Y-gZs,24
322,"29 Nov 2017, 20:37:18 IST",https://www.youtube.com/watch?v=wEdJIZ8Rl_Y,24
323,"29 Nov 2017, 20:27:16 IST",https://www.youtube.com/watch?v=_xBziiJI3DU,24
324,"29 Nov 2017, 19:05:37 IST",https://www.youtube.com/watch?v=6ZfuNTqbHE8,24
327,"29 Nov 2017, 15:16:16 IST",https://www.youtube.com/watch?v=fPO78RxFBPw,28
328,"29 Nov 2017, 13:55:23 IST",https://www.youtube.com/watch?v=PjE2p1xmrNA,25
329,"29 Nov 2017, 13:55:07 IST",https://www.youtube.com/watch?v=N-A02kGHSdI,26
330,"29 Nov 2017, 13:55:05 IST",https://www.youtube.com/watch?v=tah9KIKOiGw,25
331,"29 Nov 2017, 13:55:03 IST",https://www.youtube.com/watch?v=nj_UWbifM2U,27
332,"29 Nov 2017, 13:41:18 IST",https://www.youtube.com/watch?v=vuzBqkc2e6g,26
333,"29 Nov 2017, 13:34:14 IST",https://www.youtube.com/watch?v=ll5P2_in4GQ,26
334,"29 Nov 2017, 13:01:20 IST",https://www.youtube.com/watch?v=28UjZkj43W8,26
335,"29 Nov 2017, 12:50:04 IST",https://www.youtube.com/watch?v=YJ1k85n-Fbc,26
336,"29 Nov 2017, 11:08:18 IST",https://www.youtube.com/watch?v=3VbHg5fqBYw,24
337,"29 Nov 2017, 07:59:58 IST",https://www.youtube.com/watch?v=ACdHowULRo0,20
338,"28 Nov 2017, 21:40:56 IST",https://www.youtube.com/watch?v=-AOJGB7-K-8,25
339,"28 Nov 2017, 21:24:58 IST",https://www.youtube.com/watch?v=WkIW9mQ9vaY,25
340,"28 Nov 2017, 21:24:16 IST",https://www.youtube.com/watch?v=BpbeSgMl434,25
341,"28 Nov 2017, 20:58:29 IST",https://www.youtube.com/watch?v=w2NmbJ5iftM,25
342,"28 Nov 2017, 20:43:56 IST",https://www.youtube.com/watch?v=pS46dD7W0yY,23
343,"28 Nov 2017, 19:36:03 IST",https://www.youtube.com/watch?v=D03h8JSgW04,22
344,"28 Nov 2017, 18:49:01 IST",https://www.youtube.com/watch?v=8M7KGe2UnmE,25
345,"28 Nov 2017, 18:33:28 IST",https://www.youtube.com/watch?v=5cIvH-iZZfA,23
346,"28 Nov 2017, 18:12:59 IST",https://www.youtube.com/watch?v=N0vZhz3sN_E,23
347,"28 Nov 2017, 14:53:58 IST",https://www.youtube.com/watch?v=PraUjsClgDM,20
349,"28 Nov 2017, 14:32:02 IST",https://www.youtube.com/watch?v=4fcxxeefmTk,26
350,"28 Nov 2017, 13:55:29 IST",https://www.youtube.com/watch?v=e8P5ZVWYD5M,23
351,"28 Nov 2017, 02:00:47 IST",https://www.youtube.com/watch?v=ldwJA_9AIww,28
354,"27 Nov 2017, 13:50:38 IST",https://www.youtube.com/watch?v=Ua_qMe5PW4Y,24
357,"27 Nov 2017, 12:28:44 IST",https://www.youtube.com/watch?v=C0rCpEzdezY,26
358,"27 Nov 2017, 12:21:11 IST",https://www.youtube.com/watch?v=I4WzImgnP4w,27
359,"27 Nov 2017, 12:11:40 IST",https://www.youtube.com/watch?v=YJ1k85n-Fbc,26
362,"27 Nov 2017, 11:41:35 IST",https://www.youtube.com/watch?v=ZUMYU6sVqqI,22
363,"27 Nov 2017, 11:06:37 IST",https://www.youtube.com/watch?v=djuAvmn37ug,25
364,"27 Nov 2017, 10:39:45 IST",https://www.youtube.com/watch?v=7sxpKhIbr0E,29
365,"27 Nov 2017, 10:33:43 IST",https://www.youtube.com/watch?v=Lp7E973zozc,29
366,"27 Nov 2017, 10:33:33 IST",https://www.youtube.com/watch?v=ddPJOhV6xWQ,22
367,"26 Nov 2017, 09:12:29 IST",https://www.youtube.com/watch?v=kw4tT7SCmaY,10
368,"26 Nov 2017, 09:11:40 IST",https://www.youtube.com/watch?v=WQfdwsPao9E,10
369,"26 Nov 2017, 09:04:26 IST",https://www.youtube.com/watch?v=bw7bVpI5VcM,10
370,"26 Nov 2017, 09:03:17 IST",https://www.youtube.com/watch?v=lBACSadCKaQ,10
371,"26 Nov 2017, 08:58:50 IST",https://www.youtube.com/watch?v=gSAcPWuXBOY,10
372,"26 Nov 2017, 08:58:22 IST",https://www.youtube.com/watch?v=HoCwa6gnmM0,10
373,"26 Nov 2017, 08:54:33 IST",https://www.youtube.com/watch?v=kd5KqlmcHNo,10
374,"26 Nov 2017, 08:51:32 IST",https://www.youtube.com/watch?v=05TA9jNnCdU,10
375,"26 Nov 2017, 08:48:22 IST",https://www.youtube.com/watch?v=R_ha0AMNUn0,10
376,"26 Nov 2017, 08:47:53 IST",https://www.youtube.com/watch?v=w3MMMgxjLFk,10
377,"26 Nov 2017, 08:42:57 IST",https://www.youtube.com/watch?v=pElk1ShPrcE,10
378,"26 Nov 2017, 08:38:52 IST",https://www.youtube.com/watch?v=1cDoRqPnCXU,10
379,"26 Nov 2017, 08:33:12 IST",https://www.youtube.com/watch?v=caoGNx1LF2Q,10
380,"26 Nov 2017, 08:29:13 IST",https://www.youtube.com/watch?v=f6vY6tYvKGA,10
381,"25 Nov 2017, 21:59:51 IST",https://www.youtube.com/watch?v=rksKvZoUCPQ,10
383,"25 Nov 2017, 19:18:23 IST",https://www.youtube.com/watch?v=aZE7Cp3S3AE,26
384,"25 Nov 2017, 18:45:28 IST",https://www.youtube.com/watch?v=GMUtNufStDE,20
385,"25 Nov 2017, 18:38:44 IST",https://www.youtube.com/watch?v=mT01gjtMN9Y,1
386,"25 Nov 2017, 18:37:21 IST",https://www.youtube.com/watch?v=jLyPx_4t6UU,26
387,"25 Nov 2017, 18:34:07 IST",https://www.youtube.com/watch?v=BKepIceNf1M,27
388,"25 Nov 2017, 18:23:21 IST",https://www.youtube.com/watch?v=34Na4j8AVgA,10
389,"25 Nov 2017, 17:51:08 IST",https://www.youtube.com/watch?v=FBE8sh7nv4s,1
390,"25 Nov 2017, 14:19:32 IST",https://www.youtube.com/watch?v=gedoSfZvBgE,27
392,"25 Nov 2017, 14:11:12 IST",https://www.youtube.com/watch?v=eTFy8RnUkoU,27
393,"25 Nov 2017, 14:02:23 IST",https://www.youtube.com/watch?v=GDbYUAjCx3U,24
397,"25 Nov 2017, 08:06:08 IST",https://www.youtube.com/watch?v=9HIXSvVUnXE,22
398,"24 Nov 2017, 18:30:55 IST",https://www.youtube.com/watch?v=E7ZD6lorJkg,28
400,"24 Nov 2017, 15:16:19 IST",https://www.youtube.com/watch?v=GynhLXtpQQ8,23
401,"24 Nov 2017, 09:03:22 IST",https://www.youtube.com/watch?v=62nLiyxlS7Y,24
402,"24 Nov 2017, 09:02:17 IST",https://www.youtube.com/watch?v=qiUI2cGwf58,25
403,"24 Nov 2017, 08:38:31 IST",https://www.youtube.com/watch?v=Z06VM6Kj5XU,25
404,"24 Nov 2017, 08:38:01 IST",https://www.youtube.com/watch?v=iCLK2wTI-mk,25
406,"24 Nov 2017, 07:04:15 IST",https://www.youtube.com/watch?v=ZUMYU6sVqqI,22
407,"23 Nov 2017, 18:02:20 IST",https://www.youtube.com/watch?v=mOI8GWoMF4M,28
408,"23 Nov 2017, 17:18:36 IST",https://www.youtube.com/watch?v=FCyP1uJ49uU,26
409,"23 Nov 2017, 17:08:22 IST",https://www.youtube.com/watch?v=sLw0ZnpCyOo,26
411,"23 Nov 2017, 17:02:06 IST",https://www.youtube.com/watch?v=8ONutiw-dBw,26
412,"23 Nov 2017, 16:13:09 IST",https://www.youtube.com/watch?v=F0-RiOqgG68,28
413,"23 Nov 2017, 15:58:42 IST",https://www.youtube.com/watch?v=OxA0LESuUDE,29
414,"23 Nov 2017, 15:55:05 IST",https://www.youtube.com/watch?v=cdKUW0hT5Ew,22
415,"23 Nov 2017, 15:51:44 IST",https://www.youtube.com/watch?v=_r9GPgvN8As,24
416,"23 Nov 2017, 12:41:05 IST",https://www.youtube.com/watch?v=4qO22F3r-js,22
417,"23 Nov 2017, 12:40:47 IST",https://www.youtube.com/watch?v=m2umX7tSWFE,23
418,"23 Nov 2017, 12:34:34 IST",https://www.youtube.com/watch?v=ZquaIwBHabo,17
419,"23 Nov 2017, 12:30:52 IST",https://www.youtube.com/watch?v=UlV29n2hn9U,17
421,"23 Nov 2017, 10:26:25 IST",https://www.youtube.com/watch?v=SDWL4dLLfzQ,24
422,"23 Nov 2017, 10:19:56 IST",https://www.youtube.com/watch?v=NwJqTBHG6vY,24
423,"23 Nov 2017, 10:14:38 IST",https://www.youtube.com/watch?v=ihsTONOFVic,26
424,"23 Nov 2017, 10:10:03 IST",https://www.youtube.com/watch?v=PlW67bq1wcM,26
425,"23 Nov 2017, 10:05:32 IST",https://www.youtube.com/watch?v=zF1Vgcr1KDo,26
426,"23 Nov 2017, 09:51:18 IST",https://www.youtube.com/watch?v=2tM1LFFxeKg,27
427,"23 Nov 2017, 09:45:42 IST",https://www.youtube.com/watch?v=OyK0oE5rwFY,27
428,"23 Nov 2017, 09:03:48 IST",https://www.youtube.com/watch?v=XZW0pBwJdbw,27
429,"23 Nov 2017, 09:00:19 IST",https://www.youtube.com/watch?v=-04YhP6OMnc,27
430,"23 Nov 2017, 08:16:55 IST",https://www.youtube.com/watch?v=wUEl8KrMz14,27
431,"23 Nov 2017, 08:10:04 IST",https://www.youtube.com/watch?v=wxzc_2c6GMg,27
433,"22 Nov 2017, 21:27:30 IST",https://www.youtube.com/watch?v=srwoPQfWWS8,22
435,"22 Nov 2017, 17:03:39 IST",https://www.youtube.com/watch?v=QUc2Phz0uDw,28
436,"22 Nov 2017, 17:02:00 IST",https://www.youtube.com/watch?v=SwghCP8OYyY,28
437,"22 Nov 2017, 17:01:08 IST",https://www.youtube.com/watch?v=Bw_6Eo30Xgw,28
438,"22 Nov 2017, 17:00:22 IST",https://www.youtube.com/watch?v=10fkkUEFSDQ,28
441,"22 Nov 2017, 16:26:41 IST",https://www.youtube.com/watch?v=ZUMYU6sVqqI,22
443,"22 Nov 2017, 08:57:33 IST",https://www.youtube.com/watch?v=xKxrkht7CpY,27
444,"22 Nov 2017, 08:51:27 IST",https://www.youtube.com/watch?v=4L-BPQVZYXM,28
445,"22 Nov 2017, 08:51:14 IST",https://www.youtube.com/watch?v=CxC161GvMPc,27
446,"21 Nov 2017, 23:10:46 IST",https://www.youtube.com/watch?v=1yqVD0swvWU,24
447,"21 Nov 2017, 13:48:15 IST",https://www.youtube.com/watch?v=lnFgSOY2TWw,22
448,"21 Nov 2017, 13:43:47 IST",https://www.youtube.com/watch?v=1MCoDKLdhvs,22
449,"21 Nov 2017, 13:37:00 IST",https://www.youtube.com/watch?v=vCF_-JaidZ8,22
450,"21 Nov 2017, 13:30:51 IST",https://www.youtube.com/watch?v=LO-7EsbbagE,22
451,"21 Nov 2017, 13:27:15 IST",https://www.youtube.com/watch?v=k_ba_iH-SNI,22
452,"21 Nov 2017, 13:19:28 IST",https://www.youtube.com/watch?v=zaNkvgcDHqE,24
453,"21 Nov 2017, 11:36:10 IST",https://www.youtube.com/watch?v=YQJKgtAktLQ,24
454,"21 Nov 2017, 11:32:50 IST",https://www.youtube.com/watch?v=t5v2qBBD-gE,1
455,"21 Nov 2017, 10:42:02 IST",https://www.youtube.com/watch?v=eVajQPuRmk8,27
456,"21 Nov 2017, 10:33:47 IST",https://www.youtube.com/watch?v=pt3j6_bJ9-I,27
457,"21 Nov 2017, 10:29:07 IST",https://www.youtube.com/watch?v=pKcSNOvfPaE,22
458,"21 Nov 2017, 07:21:27 IST",https://www.youtube.com/watch?v=IRY1rYxd9EM,26
459,"20 Nov 2017, 21:32:52 IST",https://www.youtube.com/watch?v=qzk6MgLJ3M8,24
460,"20 Nov 2017, 20:33:53 IST",https://www.youtube.com/watch?v=YJ1k85n-Fbc,26
461,"20 Nov 2017, 20:26:00 IST",https://www.youtube.com/watch?v=m1PDqdLQMv8,24
462,"20 Nov 2017, 20:11:43 IST",https://www.youtube.com/watch?v=Pun0oYyFh2M,1
463,"20 Nov 2017, 20:01:15 IST",https://www.youtube.com/watch?v=M70vI5iBltk,2
464,"20 Nov 2017, 19:48:16 IST",https://www.youtube.com/watch?v=ctx4YBEdOxo,28
465,"20 Nov 2017, 16:00:49 IST",https://www.youtube.com/watch?v=l5NBSQanja0,28
467,"20 Nov 2017, 15:13:38 IST",https://www.youtube.com/watch?v=q4cjNYGUaoA,27
468,"20 Nov 2017, 15:05:40 IST",https://www.youtube.com/watch?v=HEsSmVReTiY,25
469,"18 Nov 2017, 21:28:12 IST",https://www.youtube.com/watch?v=XIeMtm7He-Q,1
470,"18 Nov 2017, 21:27:55 IST",https://www.youtube.com/watch?v=CMNkPIHT3-A,22
471,"17 Nov 2017, 15:26:54 IST",https://www.youtube.com/watch?v=ZHZlaGbEGr0,20
472,"17 Nov 2017, 15:15:13 IST",https://www.youtube.com/watch?v=TOrV2jbn0H4,20
473,"17 Nov 2017, 14:54:22 IST",https://www.youtube.com/watch?v=UWB-HVFxEpU,20
474,"17 Nov 2017, 14:51:25 IST",https://www.youtube.com/watch?v=oSuFbd8f76M,22
475,"17 Nov 2017, 13:45:20 IST",https://www.youtube.com/watch?v=VykZXQdQASI,28
476,"17 Nov 2017, 13:07:03 IST",https://www.youtube.com/watch?v=Lxet1zLBTM8,28
477,"17 Nov 2017, 12:50:10 IST",https://www.youtube.com/watch?v=j8LTjzih2sQ,23
478,"17 Nov 2017, 08:50:01 IST",https://www.youtube.com/watch?v=Rb_Mx8JcVN0,25
479,"17 Nov 2017, 08:30:36 IST",https://www.youtube.com/watch?v=1aUGHd-wMu4,26
480,"17 Nov 2017, 08:23:04 IST",https://www.youtube.com/watch?v=coOKvrsmQiI,24
481,"16 Nov 2017, 18:35:47 IST",https://www.youtube.com/watch?v=tbAlRzvfBRw,20
482,"16 Nov 2017, 16:08:35 IST",https://www.youtube.com/watch?v=7EVXypZDOos,28
483,"16 Nov 2017, 14:46:49 IST",https://www.youtube.com/watch?v=2oGjBA0OcO8,28
484,"16 Nov 2017, 09:05:08 IST",https://www.youtube.com/watch?v=5GT5hYzjNoo,27
485,"16 Nov 2017, 06:26:27 IST",https://www.youtube.com/watch?v=QuyiKeu-cos,24
486,"16 Nov 2017, 04:33:36 IST",https://www.youtube.com/watch?v=wo5GfrSiTrI,22
488,"15 Nov 2017, 21:09:01 IST",https://www.youtube.com/watch?v=2-5Wv9UGkN8,22
489,"15 Nov 2017, 19:31:09 IST",https://www.youtube.com/watch?v=-JjA4BLQyqE,27
490,"15 Nov 2017, 16:53:17 IST",https://www.youtube.com/watch?v=vgLJZMUfnsU,27
491,"15 Nov 2017, 16:26:41 IST",https://www.youtube.com/watch?v=NnD96abizww,27
492,"15 Nov 2017, 15:07:44 IST",https://www.youtube.com/watch?v=vxCURpqLCLo,27
493,"15 Nov 2017, 15:02:33 IST",https://www.youtube.com/watch?v=YVfyYrEmzgM,27
494,"15 Nov 2017, 14:00:59 IST",https://www.youtube.com/watch?v=lPUhHmgrpik,28
495,"15 Nov 2017, 13:53:19 IST",https://www.youtube.com/watch?v=9Smv9B96bek,22
496,"15 Nov 2017, 11:08:11 IST",https://www.youtube.com/watch?v=KG44VoDtsAA,27
497,"15 Nov 2017, 11:01:35 IST",https://www.youtube.com/watch?v=GTJr8OvyEVQ,27
499,"15 Nov 2017, 10:45:40 IST",https://www.youtube.com/watch?v=kuMuFu9IRtw,27
500,"15 Nov 2017, 10:04:06 IST",https://www.youtube.com/watch?v=oxd_Z1osgCk,27
501,"15 Nov 2017, 09:45:59 IST",https://www.youtube.com/watch?v=H4VrKHVG5qI,27
502,"15 Nov 2017, 08:15:25 IST",https://www.youtube.com/watch?v=34Na4j8AVgA,10
503,"15 Nov 2017, 07:27:35 IST",https://www.youtube.com/watch?v=LEhHdIKZvWk,22
505,"14 Nov 2017, 18:35:39 IST",https://www.youtube.com/watch?v=tyFiEF7EPoU,22
506,"14 Nov 2017, 17:15:05 IST",https://www.youtube.com/watch?v=4pbDqeTSoUY,22
507,"14 Nov 2017, 16:50:46 IST",https://www.youtube.com/watch?v=NJuKJ8sasGk,27
508,"14 Nov 2017, 16:50:15 IST",https://www.youtube.com/watch?v=Y0ZqKpToTic,27
509,"14 Nov 2017, 16:49:41 IST",https://www.youtube.com/watch?v=QBiuxZQ8djA,22
510,"13 Nov 2017, 22:28:04 IST",https://www.youtube.com/watch?v=_ZGk3pRbkD8,22
511,"13 Nov 2017, 16:42:09 IST",https://www.youtube.com/watch?v=mOI8GWoMF4M,28
512,"13 Nov 2017, 14:37:33 IST",https://www.youtube.com/watch?v=3JZDGo55roI,24
513,"13 Nov 2017, 14:13:36 IST",https://www.youtube.com/watch?v=l0-qk5CvMPs,25
514,"13 Nov 2017, 03:40:17 IST",https://www.youtube.com/watch?v=jeJRIk1hd4E,27
516,"12 Nov 2017, 22:38:30 IST",https://www.youtube.com/watch?v=kmIBB0CIAvs,28
518,"12 Nov 2017, 20:24:40 IST",https://www.youtube.com/watch?v=zRpqZjfFzGg,25
519,"12 Nov 2017, 20:18:55 IST",https://www.youtube.com/watch?v=i1pdHSPwzUA,22
521,"11 Nov 2017, 18:52:53 IST",https://www.youtube.com/watch?v=uhdXgSUrCCI,10
522,"11 Nov 2017, 17:52:34 IST",https://www.youtube.com/watch?v=EpAzj7zXrbk,27
523,"11 Nov 2017, 17:17:01 IST",https://www.youtube.com/watch?v=8PkEY2-E5-8,24
524,"11 Nov 2017, 16:50:08 IST",https://www.youtube.com/watch?v=XUb7eYUF-m8,24
525,"11 Nov 2017, 16:45:53 IST",https://www.youtube.com/watch?v=joq_tz44JCw,24
526,"11 Nov 2017, 16:39:38 IST",https://www.youtube.com/watch?v=JSkOecmAFFo,24
527,"11 Nov 2017, 15:55:15 IST",https://www.youtube.com/watch?v=tZvpRXDaiK0,27
528,"11 Nov 2017, 14:29:16 IST",https://www.youtube.com/watch?v=Fjp48nteWHk,27
530,"11 Nov 2017, 10:40:41 IST",https://www.youtube.com/watch?v=34Na4j8AVgA,10
531,"10 Nov 2017, 21:09:22 IST",https://www.youtube.com/watch?v=tsidxfs7fkE,26
532,"10 Nov 2017, 21:00:29 IST",https://www.youtube.com/watch?v=Ex0RCgT0jfU,23
533,"10 Nov 2017, 19:21:52 IST",https://www.youtube.com/watch?v=wV9NSi9zdOY,27
535,"10 Nov 2017, 17:25:12 IST",https://www.youtube.com/watch?v=7p57ea6jvyY,24
536,"10 Nov 2017, 17:00:42 IST",https://www.youtube.com/watch?v=40i4PKpM0cI,27
537,"10 Nov 2017, 16:55:13 IST",https://www.youtube.com/watch?v=Qa6csfkK7_I,27
538,"10 Nov 2017, 16:48:04 IST",https://www.youtube.com/watch?v=TpIBUeyOuv8,27
539,"10 Nov 2017, 16:41:35 IST",https://www.youtube.com/watch?v=58N2N7zJGrQ,27
540,"10 Nov 2017, 11:45:15 IST",https://www.youtube.com/watch?v=wjYLKhaeKL0,28
542,"10 Nov 2017, 11:37:09 IST",https://www.youtube.com/watch?v=fuc7IDQk760,24
543,"10 Nov 2017, 10:48:10 IST",https://www.youtube.com/watch?v=nFwHRhvugP4,24
544,"10 Nov 2017, 10:05:04 IST",https://www.youtube.com/watch?v=4erIVUTWpkY,25
545,"10 Nov 2017, 08:51:00 IST",https://www.youtube.com/watch?v=TvbRwuAAsxQ,26
546,"10 Nov 2017, 08:33:34 IST",https://www.youtube.com/watch?v=CwkT-4vL3BA,28
547,"10 Nov 2017, 08:28:58 IST",https://www.youtube.com/watch?v=4whKTDzX82A,28
548,"10 Nov 2017, 08:22:38 IST",https://www.youtube.com/watch?v=pOLmD_WVY-E,27
549,"9 Nov 2017, 21:13:57 IST",https://www.youtube.com/watch?v=ghaZf1ODia0,28
550,"9 Nov 2017, 21:08:20 IST",https://www.youtube.com/watch?v=eZSE68WlbMw,28
551,"9 Nov 2017, 21:05:05 IST",https://www.youtube.com/watch?v=yb38jozeDOs,28
552,"9 Nov 2017, 21:01:55 IST",https://www.youtube.com/watch?v=wt_r5xO2JkA,28
553,"9 Nov 2017, 20:43:22 IST",https://www.youtube.com/watch?v=3Bz6kr-UFkY,28
554,"9 Nov 2017, 20:42:42 IST",https://www.youtube.com/watch?v=6Qu9KnohYG0,28
555,"9 Nov 2017, 20:42:31 IST",https://www.youtube.com/watch?v=wEAY-Nc-m_E,26
556,"9 Nov 2017, 20:08:51 IST",https://www.youtube.com/watch?v=papuvlVeZg8,10
557,"9 Nov 2017, 20:04:10 IST",https://www.youtube.com/watch?v=nfs8NYg7yQM,10
558,"9 Nov 2017, 19:59:48 IST",https://www.youtube.com/watch?v=87gWaABqGYs,10
559,"9 Nov 2017, 19:54:57 IST",https://www.youtube.com/watch?v=2Vv-BfVoq4g,10
560,"9 Nov 2017, 18:19:12 IST",https://www.youtube.com/watch?v=cAexosiVu-o,25
561,"9 Nov 2017, 18:16:38 IST",https://www.youtube.com/watch?v=dEKsPyNh4sw,24
562,"8 Nov 2017, 19:36:14 IST",https://www.youtube.com/watch?v=vGpy6h0LbQM,22
563,"8 Nov 2017, 18:59:54 IST",https://www.youtube.com/watch?v=wMaB5Scagww,17
564,"8 Nov 2017, 18:15:20 IST",https://www.youtube.com/watch?v=BgsdhmLrLPA,27
565,"8 Nov 2017, 18:00:57 IST",https://www.youtube.com/watch?v=4KcMdH8qiuk,27
566,"8 Nov 2017, 18:00:44 IST",https://www.youtube.com/watch?v=UuEu17YwlVM,22
567,"8 Nov 2017, 13:36:43 IST",https://www.youtube.com/watch?v=b-rSysIc9cQ,2
568,"8 Nov 2017, 03:28:23 IST",https://www.youtube.com/watch?v=kw4tT7SCmaY,10
570,"7 Nov 2017, 20:04:42 IST",https://www.youtube.com/watch?v=281TbrfU4LE,28
571,"7 Nov 2017, 12:33:32 IST",https://www.youtube.com/watch?v=kw4tT7SCmaY,10
572,"7 Nov 2017, 10:32:07 IST",https://www.youtube.com/watch?v=1cDoRqPnCXU,10
573,"7 Nov 2017, 10:27:24 IST",https://www.youtube.com/watch?v=0WtRNGubWGA,10
574,"7 Nov 2017, 10:27:19 IST",https://www.youtube.com/watch?v=caoGNx1LF2Q,10
575,"7 Nov 2017, 10:16:22 IST",https://www.youtube.com/watch?v=lpdRqn6xwiM,10
576,"7 Nov 2017, 10:13:39 IST",https://www.youtube.com/watch?v=WQfdwsPao9E,10
577,"7 Nov 2017, 09:33:19 IST",https://www.youtube.com/watch?v=L3oZ3lPvGTE,17
578,"7 Nov 2017, 09:27:40 IST",https://www.youtube.com/watch?v=lEXBxijQREo,27
579,"7 Nov 2017, 09:24:16 IST",https://www.youtube.com/watch?v=OAB0jU0KiEE,28
580,"6 Nov 2017, 18:28:23 IST",https://www.youtube.com/watch?v=ritoDg1-s14,22
581,"6 Nov 2017, 17:22:12 IST",https://www.youtube.com/watch?v=EcuaMbhlJ_4,20
582,"6 Nov 2017, 17:19:06 IST",https://www.youtube.com/watch?v=ylIkX0cRKuM,20
583,"6 Nov 2017, 17:16:09 IST",https://www.youtube.com/watch?v=UDmHsa9kBFY,20
586,"6 Nov 2017, 15:30:37 IST",https://www.youtube.com/watch?v=ovNQp4d8JSo,24
587,"5 Nov 2017, 22:20:15 IST",https://www.youtube.com/watch?v=UfbU4NCTF5Y,20
591,"5 Nov 2017, 16:25:29 IST",https://www.youtube.com/watch?v=WkGicubpw64,27
592,"5 Nov 2017, 16:12:26 IST",https://www.youtube.com/watch?v=EaD1Mpgzw1c,27
593,"5 Nov 2017, 14:39:27 IST",https://www.youtube.com/watch?v=Mf6fDjQ5EUI,20
595,"5 Nov 2017, 12:32:26 IST",https://www.youtube.com/watch?v=bweEXpJ0Hk8,27
596,"5 Nov 2017, 12:30:05 IST",https://www.youtube.com/watch?v=8yR9xNU6ilM,20
597,"5 Nov 2017, 12:14:04 IST",https://www.youtube.com/watch?v=g2vdcCBWsrI,26
598,"5 Nov 2017, 12:13:40 IST",https://www.youtube.com/watch?v=4H25gYql3Zg,20
599,"5 Nov 2017, 09:57:14 IST",https://www.youtube.com/watch?v=Lbw66b5Glwo,24
600,"5 Nov 2017, 09:53:40 IST",https://www.youtube.com/watch?v=5TEXF4M4WAc,27
601,"5 Nov 2017, 09:48:11 IST",https://www.youtube.com/watch?v=8i9eClS-_eU,27
602,"5 Nov 2017, 09:40:00 IST",https://www.youtube.com/watch?v=Ha3vPJOX1LQ,27
603,"5 Nov 2017, 09:34:34 IST",https://www.youtube.com/watch?v=ZS-KRUrT8jA,28
604,"5 Nov 2017, 09:29:45 IST",https://www.youtube.com/watch?v=HGYHWJeueCM,28
605,"5 Nov 2017, 09:26:38 IST",https://www.youtube.com/watch?v=tGbfH_96ToM,28
606,"4 Nov 2017, 17:21:31 IST",https://www.youtube.com/watch?v=caoGNx1LF2Q,10
607,"4 Nov 2017, 17:16:39 IST",https://www.youtube.com/watch?v=II2EO3Nw4m0,10
608,"4 Nov 2017, 17:13:05 IST",https://www.youtube.com/watch?v=0gtDICWPTyA,24
609,"4 Nov 2017, 16:47:45 IST",https://www.youtube.com/watch?v=uxXuQqVV_10,25
610,"4 Nov 2017, 14:22:42 IST",https://www.youtube.com/watch?v=re8HtF7ZUL4,22
611,"4 Nov 2017, 14:22:18 IST",https://www.youtube.com/watch?v=b44YuuSp0ac,26
613,"4 Nov 2017, 10:55:24 IST",https://www.youtube.com/watch?v=X_Z2DbkQlYc,24
614,"4 Nov 2017, 10:52:14 IST",https://www.youtube.com/watch?v=RZqaeusdMTk,28
615,"4 Nov 2017, 10:47:55 IST",https://www.youtube.com/watch?v=tg0Z--pmPog,28
616,"4 Nov 2017, 09:48:00 IST",https://www.youtube.com/watch?v=HPsazrVSjl8,27
617,"3 Nov 2017, 22:03:35 IST",https://www.youtube.com/watch?v=dk2qt2TVlLM,27
618,"3 Nov 2017, 21:07:06 IST",https://www.youtube.com/watch?v=x-ewvCNguug,28
619,"3 Nov 2017, 06:52:41 IST",https://www.youtube.com/watch?v=UxPAj8pCYrE,27
620,"3 Nov 2017, 05:44:59 IST",https://www.youtube.com/watch?v=_6TFVzBW7oo,27
622,"2 Nov 2017, 20:56:34 IST",https://www.youtube.com/watch?v=_6TFVzBW7oo,27
624,"2 Nov 2017, 20:07:50 IST",https://www.youtube.com/watch?v=CZPj-rO24uw,27
625,"2 Nov 2017, 17:27:48 IST",https://www.youtube.com/watch?v=8uvzimVM7n0,24
626,"2 Nov 2017, 17:25:28 IST",https://www.youtube.com/watch?v=jX5EpNZBWJo,27
627,"2 Nov 2017, 17:09:58 IST",https://www.youtube.com/watch?v=yC1HMA_lzEM,20
629,"2 Nov 2017, 13:15:21 IST",https://www.youtube.com/watch?v=WJrbwmpyxFE,20
632,"2 Nov 2017, 12:04:09 IST",https://www.youtube.com/watch?v=LzC_kkbFTHQ,28
633,"2 Nov 2017, 08:11:27 IST",https://www.youtube.com/watch?v=TvbRwuAAsxQ,26
634,"1 Nov 2017, 21:54:57 IST",https://www.youtube.com/watch?v=I-2vMX2pruc,26
635,"1 Nov 2017, 21:49:41 IST",https://www.youtube.com/watch?v=2-ttNJcwGLk,26
636,"1 Nov 2017, 21:44:18 IST",https://www.youtube.com/watch?v=okaHQL2oVAs,26
637,"1 Nov 2017, 21:39:06 IST",https://www.youtube.com/watch?v=beRO_XquKuM,26
638,"1 Nov 2017, 21:33:11 IST",https://www.youtube.com/watch?v=utrMljN0D9M,28
639,"1 Nov 2017, 20:46:50 IST",https://www.youtube.com/watch?v=A15qB_6sYu0,24
640,"1 Nov 2017, 20:45:48 IST",https://www.youtube.com/watch?v=Vl3kv4-K2WQ,23
641,"1 Nov 2017, 20:44:15 IST",https://www.youtube.com/watch?v=npdweMoCp3s,27
642,"1 Nov 2017, 18:41:07 IST",https://www.youtube.com/watch?v=qCpH61OhHv8,17
643,"1 Nov 2017, 18:30:45 IST",https://www.youtube.com/watch?v=vIaH35-MLsk,10
644,"1 Nov 2017, 18:30:15 IST",https://www.youtube.com/watch?v=KgfKTfJ70zI,10
645,"1 Nov 2017, 18:26:29 IST",https://www.youtube.com/watch?v=Svjfe7VWcnk,10
646,"1 Nov 2017, 18:25:31 IST",https://www.youtube.com/watch?v=-SVtsXRpEhE,10
647,"1 Nov 2017, 18:21:01 IST",https://www.youtube.com/watch?v=Wr2NN4VQ1nI,10
648,"1 Nov 2017, 18:16:39 IST",https://www.youtube.com/watch?v=Q-GOFPM01d0,10
649,"1 Nov 2017, 18:14:49 IST",https://www.youtube.com/watch?v=hjWf8A0YNSE,10
652,"1 Nov 2017, 18:10:04 IST",https://www.youtube.com/watch?v=UVbcaG2tfSE,10
653,"1 Nov 2017, 18:07:00 IST",https://www.youtube.com/watch?v=05TA9jNnCdU,10
654,"1 Nov 2017, 18:05:29 IST",https://www.youtube.com/watch?v=hOFnVUxDll4,10
655,"1 Nov 2017, 18:03:54 IST",https://www.youtube.com/watch?v=s0t66FtQhcY,10
656,"1 Nov 2017, 11:00:33 IST",https://www.youtube.com/watch?v=D5x3X7ghz6Y,24
657,"1 Nov 2017, 10:57:29 IST",https://www.youtube.com/watch?v=LAS4CSLAiyY,23
658,"1 Nov 2017, 10:55:21 IST",https://www.youtube.com/watch?v=U2EgupqbEIs,23
659,"1 Nov 2017, 10:48:02 IST",https://www.youtube.com/watch?v=kbd89yYJIvk,23
660,"1 Nov 2017, 08:15:49 IST",https://www.youtube.com/watch?v=7EYRisOrHIQ,26
661,"31 Oct 2017, 17:36:20 IST",https://www.youtube.com/watch?v=0geF7IPKJ9w,24
662,"31 Oct 2017, 17:32:39 IST",https://www.youtube.com/watch?v=-z3WgBIXcsc,24
663,"31 Oct 2017, 17:01:09 IST",https://www.youtube.com/watch?v=VmWVXOIQblM,27
664,"31 Oct 2017, 16:53:50 IST",https://www.youtube.com/watch?v=eVm063xmnow,27
665,"31 Oct 2017, 16:50:37 IST",https://www.youtube.com/watch?v=V7oiro8tYA4,28
666,"31 Oct 2017, 16:45:53 IST",https://www.youtube.com/watch?v=_kgVem4TzSQ,24
667,"31 Oct 2017, 16:42:35 IST",https://www.youtube.com/watch?v=4L5q2_7W9j4,24
668,"31 Oct 2017, 15:09:23 IST",https://www.youtube.com/watch?v=dDxZDARxrKg,25
672,"31 Oct 2017, 14:07:43 IST",https://www.youtube.com/watch?v=KmAyPUv9gOY,28
673,"31 Oct 2017, 12:14:02 IST",https://www.youtube.com/watch?v=GTJr8OvyEVQ,27
674,"31 Oct 2017, 12:05:42 IST",https://www.youtube.com/watch?v=H4VrKHVG5qI,27
675,"31 Oct 2017, 11:42:50 IST",https://www.youtube.com/watch?v=dzmVNk2qeAA,28
676,"31 Oct 2017, 11:37:25 IST",https://www.youtube.com/watch?v=zkZ8BK-g4aw,27
677,"31 Oct 2017, 09:54:09 IST",https://www.youtube.com/watch?v=6ncZfWyn9G0,26
678,"30 Oct 2017, 17:14:23 IST",https://www.youtube.com/watch?v=7zuGmKfUt7s,27
679,"30 Oct 2017, 16:58:40 IST",https://www.youtube.com/watch?v=h3ld8FbD7FU,22
680,"30 Oct 2017, 16:54:18 IST",https://www.youtube.com/watch?v=oSgTjkr8o8A,27
681,"30 Oct 2017, 16:53:34 IST",https://www.youtube.com/watch?v=5jwXThH6fg4,27
682,"30 Oct 2017, 11:36:34 IST",https://www.youtube.com/watch?v=NnD96abizww,27
683,"30 Oct 2017, 07:34:59 IST",https://www.youtube.com/watch?v=cmeSBpnmZPQ,27
684,"30 Oct 2017, 06:54:58 IST",https://www.youtube.com/watch?v=Q6NiqRqGePU,28
685,"30 Oct 2017, 06:49:33 IST",https://www.youtube.com/watch?v=vfnoT4TRmws,28
686,"29 Oct 2017, 20:45:51 IST",https://www.youtube.com/watch?v=pkkqEzuON-A,26
687,"29 Oct 2017, 20:31:39 IST",https://www.youtube.com/watch?v=GJFgBEVlQpM,26
688,"29 Oct 2017, 20:29:07 IST",https://www.youtube.com/watch?v=jh4gIAv92yM,26
689,"29 Oct 2017, 20:14:13 IST",https://www.youtube.com/watch?v=xV7rLNC17LA,27
690,"29 Oct 2017, 20:08:38 IST",https://www.youtube.com/watch?v=kxCdXia2oJw,27
691,"29 Oct 2017, 19:05:30 IST",https://www.youtube.com/watch?v=RhNM6jvvNjU,27
692,"29 Oct 2017, 18:59:04 IST",https://www.youtube.com/watch?v=uhMFMBpKih4,27
693,"29 Oct 2017, 18:49:36 IST",https://www.youtube.com/watch?v=DSGsa0pu8-k,28
694,"29 Oct 2017, 18:41:29 IST",https://www.youtube.com/watch?v=H4VrKHVG5qI,27
695,"29 Oct 2017, 18:00:37 IST",https://www.youtube.com/watch?v=xouin83ebxE,27
696,"29 Oct 2017, 17:48:13 IST",https://www.youtube.com/watch?v=vWI6cixIDsg,23
697,"29 Oct 2017, 15:29:21 IST",https://www.youtube.com/watch?v=GMzVeWpyTN0,27
699,"29 Oct 2017, 14:41:30 IST",https://www.youtube.com/watch?v=vgLJZMUfnsU,27
700,"29 Oct 2017, 11:35:24 IST",https://www.youtube.com/watch?v=9XsGl7cMGD4,22
701,"29 Oct 2017, 11:32:11 IST",https://www.youtube.com/watch?v=ALt3VXC2gtU,22
702,"29 Oct 2017, 11:19:19 IST",https://www.youtube.com/watch?v=5GT5hYzjNoo,27
703,"29 Oct 2017, 11:15:58 IST",https://www.youtube.com/watch?v=qx9sJ3O3JM0,27
704,"29 Oct 2017, 11:08:32 IST",https://www.youtube.com/watch?v=lAXZGERcDf4,27
705,"29 Oct 2017, 09:31:39 IST",https://www.youtube.com/watch?v=Tqx_kWXfMHo,22
706,"29 Oct 2017, 09:24:21 IST",https://www.youtube.com/watch?v=-sRLkntcgpc,24
707,"29 Oct 2017, 09:19:23 IST",https://www.youtube.com/watch?v=7DSscQlSZR4,27
708,"29 Oct 2017, 09:16:31 IST",https://www.youtube.com/watch?v=Q5r1vWLh3Qo,27
709,"29 Oct 2017, 08:52:34 IST",https://www.youtube.com/watch?v=j5K4z_ilq_Y,24
711,"28 Oct 2017, 17:30:41 IST",https://www.youtube.com/watch?v=NnD96abizww,27
712,"28 Oct 2017, 16:04:27 IST",https://www.youtube.com/watch?v=PafJOaMzstY,27
713,"28 Oct 2017, 16:01:14 IST",https://www.youtube.com/watch?v=arSCL-F2ZZc,27
714,"28 Oct 2017, 15:48:33 IST",https://www.youtube.com/watch?v=PPgGJvgv2Ag,22
715,"28 Oct 2017, 15:45:11 IST",https://www.youtube.com/watch?v=sn0DWI-JdNA,28
716,"28 Oct 2017, 15:41:36 IST",https://www.youtube.com/watch?v=F28xN-S1SmI,27
717,"28 Oct 2017, 15:18:05 IST",https://www.youtube.com/watch?v=lPUhHmgrpik,28
718,"28 Oct 2017, 14:46:59 IST",https://www.youtube.com/watch?v=h3ld8FbD7FU,22
719,"28 Oct 2017, 14:37:19 IST",https://www.youtube.com/watch?v=sKB1gj1NQi0,27
720,"28 Oct 2017, 14:36:48 IST",https://www.youtube.com/watch?v=UwWTE3u7FFk,22
721,"28 Oct 2017, 14:36:27 IST",https://www.youtube.com/watch?v=szoyKqym1PI,22
722,"28 Oct 2017, 14:31:13 IST",https://www.youtube.com/watch?v=4XkHbNi1ZL4,27
723,"28 Oct 2017, 14:29:13 IST",https://www.youtube.com/watch?v=AL7yO-I5kFU,22
724,"28 Oct 2017, 14:26:52 IST",https://www.youtube.com/watch?v=DjfYhHSkWqo,22
725,"28 Oct 2017, 14:11:35 IST",https://www.youtube.com/watch?v=FEnwM-iDb2g,22
726,"28 Oct 2017, 14:02:53 IST",https://www.youtube.com/watch?v=gtWw_8VvHjk,27
727,"28 Oct 2017, 13:46:04 IST",https://www.youtube.com/watch?v=2j_9-yM4X8s,23
728,"28 Oct 2017, 12:39:16 IST",https://www.youtube.com/watch?v=Zbo4__XZEeM,27
729,"28 Oct 2017, 12:26:10 IST",https://www.youtube.com/watch?v=BO145HIUHRg,28
731,"27 Oct 2017, 22:35:40 IST",https://www.youtube.com/watch?v=V08g_lkKj6Q,27
732,"27 Oct 2017, 08:38:39 IST",https://www.youtube.com/watch?v=viaha1SnpT4,27
733,"26 Oct 2017, 23:48:38 IST",https://www.youtube.com/watch?v=R5QkGGp_j0A,26
734,"26 Oct 2017, 23:37:28 IST",https://www.youtube.com/watch?v=OL3yCJEm4OM,24
735,"26 Oct 2017, 23:32:05 IST",https://www.youtube.com/watch?v=6lFnoCD-RGA,24
736,"26 Oct 2017, 11:20:05 IST",https://www.youtube.com/watch?v=z8HKWUWS-lA,27
737,"26 Oct 2017, 11:17:50 IST",https://www.youtube.com/watch?v=sohXEF4uIKU,26
738,"26 Oct 2017, 11:11:44 IST",https://www.youtube.com/watch?v=7iQiqYDmHpw,24
739,"26 Oct 2017, 10:43:20 IST",https://www.youtube.com/watch?v=3jFyIzU1dIc,17
740,"26 Oct 2017, 10:31:32 IST",https://www.youtube.com/watch?v=gm5VufIMiqg,26
741,"26 Oct 2017, 08:15:09 IST",https://www.youtube.com/watch?v=L3LMbpZIKhQ,27
742,"26 Oct 2017, 07:08:08 IST",https://www.youtube.com/watch?v=7K1sB05pE0A,27
743,"25 Oct 2017, 22:36:41 IST",https://www.youtube.com/watch?v=C-sOftyAjT4,28
744,"25 Oct 2017, 22:34:27 IST",https://www.youtube.com/watch?v=bMF2fG9eY0A,28
745,"25 Oct 2017, 21:50:08 IST",https://www.youtube.com/watch?v=duitTiGdfL0,20
746,"25 Oct 2017, 21:45:33 IST",https://www.youtube.com/watch?v=FziwAqkLIZA,20
747,"25 Oct 2017, 21:33:21 IST",https://www.youtube.com/watch?v=UFexykED22c,20
748,"25 Oct 2017, 21:27:41 IST",https://www.youtube.com/watch?v=rEbVxGzTejs,20
749,"25 Oct 2017, 21:16:46 IST",https://www.youtube.com/watch?v=QQF1poJshJo,20
750,"25 Oct 2017, 21:10:41 IST",https://www.youtube.com/watch?v=UtpKkAuojT0,20
751,"25 Oct 2017, 21:07:20 IST",https://www.youtube.com/watch?v=zjV4-r0CLTg,20
752,"25 Oct 2017, 20:31:30 IST",https://www.youtube.com/watch?v=A-wRgsEDIyQ,20
753,"25 Oct 2017, 20:27:37 IST",https://www.youtube.com/watch?v=bWKwC8NsYpU,20
754,"25 Oct 2017, 20:22:05 IST",https://www.youtube.com/watch?v=u0I1NPdSndM,20
757,"25 Oct 2017, 18:40:05 IST",https://www.youtube.com/watch?v=vA86WYkPOUY,22
758,"25 Oct 2017, 18:35:00 IST",https://www.youtube.com/watch?v=56WndKK9ao8,10
759,"25 Oct 2017, 18:34:25 IST",https://www.youtube.com/watch?v=OnLwSxaCxmU,10
760,"25 Oct 2017, 18:31:08 IST",https://www.youtube.com/watch?v=34Na4j8AVgA,10
762,"25 Oct 2017, 18:29:42 IST",https://www.youtube.com/watch?v=AEYG5-ZXTH0,22
763,"25 Oct 2017, 18:28:34 IST",https://www.youtube.com/watch?v=frw6uu3nonQ,10
765,"25 Oct 2017, 15:59:16 IST",https://www.youtube.com/watch?v=0JUN9aDxVmI,27
766,"25 Oct 2017, 15:53:40 IST",https://www.youtube.com/watch?v=TjMLzklnn2c,27
767,"25 Oct 2017, 15:53:35 IST",https://www.youtube.com/watch?v=CLNsN4nw39Y,27
768,"25 Oct 2017, 15:38:05 IST",https://www.youtube.com/watch?v=2ygclkWHo8w,23
769,"25 Oct 2017, 12:45:31 IST",https://www.youtube.com/watch?v=-3uqYYkvP0Q,26
770,"25 Oct 2017, 12:08:30 IST",https://www.youtube.com/watch?v=wABnw2eHjt0,27
771,"25 Oct 2017, 08:38:19 IST",https://www.youtube.com/watch?v=kfF40MiS7zA,27
772,"25 Oct 2017, 08:22:45 IST",https://www.youtube.com/watch?v=qb40J4N1fa4,27
773,"25 Oct 2017, 08:08:31 IST",https://www.youtube.com/watch?v=m2MIpDrF7Es,27
774,"25 Oct 2017, 07:48:27 IST",https://www.youtube.com/watch?v=YG15m2VwSjA,27
775,"25 Oct 2017, 07:30:38 IST",https://www.youtube.com/watch?v=S0_qX4VJhMQ,27
776,"25 Oct 2017, 07:13:03 IST",https://www.youtube.com/watch?v=9vKqVkMQHKk,27
777,"24 Oct 2017, 21:47:58 IST",https://www.youtube.com/watch?v=WUvTyaaNkzM,27
778,"24 Oct 2017, 20:39:52 IST",https://www.youtube.com/watch?v=rxcVAcCcxeM,28
779,"24 Oct 2017, 17:56:53 IST",https://www.youtube.com/watch?v=EWommXEaIUg,20
780,"24 Oct 2017, 17:32:10 IST",https://www.youtube.com/watch?v=bkM1GrJYG4Y,20
781,"23 Oct 2017, 22:13:00 IST",https://www.youtube.com/watch?v=1vIlbhWWph4,20
782,"23 Oct 2017, 20:43:00 IST",https://www.youtube.com/watch?v=QmfoIvgIVlE,27
783,"23 Oct 2017, 20:28:36 IST",https://www.youtube.com/watch?v=keLN89CWZ-A,24
784,"23 Oct 2017, 20:23:58 IST",https://www.youtube.com/watch?v=aB_KstBiou4,1
785,"23 Oct 2017, 12:32:13 IST",https://www.youtube.com/watch?v=WUvTyaaNkzM,27
786,"23 Oct 2017, 12:20:18 IST",https://www.youtube.com/watch?v=6SVC-j-USPo,24
787,"23 Oct 2017, 12:09:44 IST",https://www.youtube.com/watch?v=pw9GHwSVOAE,23
788,"23 Oct 2017, 12:06:55 IST",https://www.youtube.com/watch?v=UIDaXSXjuGc,26
789,"23 Oct 2017, 12:05:30 IST",https://www.youtube.com/watch?v=kL_NJAkCQBg,17
790,"23 Oct 2017, 12:02:16 IST",https://www.youtube.com/watch?v=ZrT5AzCu79Y,26
800,"22 Oct 2017, 09:34:48 IST",https://www.youtube.com/watch?v=wF8aOLXXn_8,27
801,"21 Oct 2017, 19:33:21 IST",https://www.youtube.com/watch?v=AHRhOMWxXjI,22
802,"21 Oct 2017, 19:31:46 IST",https://www.youtube.com/watch?v=n2oTVPJ4cC4,24
803,"21 Oct 2017, 19:30:51 IST",https://www.youtube.com/watch?v=VYepa6uJxzI,27
804,"21 Oct 2017, 14:39:56 IST",https://www.youtube.com/watch?v=JwVAv6VNpVU,20
805,"21 Oct 2017, 13:04:13 IST",https://www.youtube.com/watch?v=xKsqRqdsD5Q,20
806,"21 Oct 2017, 12:38:14 IST",https://www.youtube.com/watch?v=FtnB_hDhcf8,28
807,"21 Oct 2017, 11:07:18 IST",https://www.youtube.com/watch?v=weWSYIUdX6c,28
808,"21 Oct 2017, 08:58:45 IST",https://www.youtube.com/watch?v=kB6wJkWO2SY,27
809,"21 Oct 2017, 08:53:30 IST",https://www.youtube.com/watch?v=XTzDHwETYNc,27
810,"21 Oct 2017, 08:50:49 IST",https://www.youtube.com/watch?v=KWz0z-ZS1bk,22
811,"21 Oct 2017, 08:45:47 IST",https://www.youtube.com/watch?v=eXE0byKUFCA,22
812,"20 Oct 2017, 14:19:46 IST",https://www.youtube.com/watch?v=B1pSRP1EAEg,20
813,"20 Oct 2017, 09:05:30 IST",https://www.youtube.com/watch?v=SE5xx9i-KpI,26
814,"20 Oct 2017, 09:01:19 IST",https://www.youtube.com/watch?v=NpfsVIMs54Y,26
815,"20 Oct 2017, 08:55:47 IST",https://www.youtube.com/watch?v=ISYkFJiWfhI,26
816,"20 Oct 2017, 08:53:36 IST",https://www.youtube.com/watch?v=LjhCEhWiKXk,10
817,"20 Oct 2017, 08:51:24 IST",https://www.youtube.com/watch?v=QJO3ROT-A4E,10
818,"20 Oct 2017, 08:45:42 IST",https://www.youtube.com/watch?v=34Na4j8AVgA,10
819,"19 Oct 2017, 20:24:04 IST",https://www.youtube.com/watch?v=Y1ci84DBVaU,26
820,"19 Oct 2017, 16:05:56 IST",https://www.youtube.com/watch?v=5aU_WnSQQc8,22
821,"19 Oct 2017, 15:34:24 IST",https://www.youtube.com/watch?v=SdJoJx5Ok80,26
822,"19 Oct 2017, 15:34:17 IST",https://www.youtube.com/watch?v=HwlyDcaSwlE,17
823,"19 Oct 2017, 15:33:35 IST",https://www.youtube.com/watch?v=9Jrw3IvDsc8,25
824,"19 Oct 2017, 13:03:01 IST",https://www.youtube.com/watch?v=SvjVBsqXt-Y,28
825,"19 Oct 2017, 13:01:39 IST",https://www.youtube.com/watch?v=1FdOMS9bn54,26
826,"18 Oct 2017, 20:25:19 IST",https://www.youtube.com/watch?v=u-oxoUt4a6s,22
827,"18 Oct 2017, 12:35:56 IST",https://www.youtube.com/watch?v=1FdOMS9bn54,26
828,"18 Oct 2017, 09:15:11 IST",https://www.youtube.com/watch?v=TvbRwuAAsxQ,26
829,"18 Oct 2017, 08:23:14 IST",https://www.youtube.com/watch?v=-H9YpZ73gQI,26
830,"18 Oct 2017, 08:16:35 IST",https://www.youtube.com/watch?v=NDmJNX9JrLs,1
831,"18 Oct 2017, 08:14:23 IST",https://www.youtube.com/watch?v=jv8ylu5CQik,26
832,"18 Oct 2017, 08:11:58 IST",https://www.youtube.com/watch?v=vwJG_QbzTrI,26
833,"18 Oct 2017, 08:09:45 IST",https://www.youtube.com/watch?v=CcdTvJKfCVg,22
834,"18 Oct 2017, 08:05:57 IST",https://www.youtube.com/watch?v=QWPyc8CfI5E,22
835,"18 Oct 2017, 08:02:26 IST",https://www.youtube.com/watch?v=UvC5WuzoSfo,26
836,"18 Oct 2017, 07:59:29 IST",https://www.youtube.com/watch?v=CGhp2tm4qPU,26
837,"18 Oct 2017, 07:56:55 IST",https://www.youtube.com/watch?v=5p6F8sA0uRo,26
838,"18 Oct 2017, 07:39:32 IST",https://www.youtube.com/watch?v=OQS4Nq3080E,22
839,"18 Oct 2017, 07:05:11 IST",https://www.youtube.com/watch?v=MlJdMr3O5J4,27
840,"17 Oct 2017, 21:03:52 IST",https://www.youtube.com/watch?v=1FdOMS9bn54,26
841,"17 Oct 2017, 18:55:16 IST",https://www.youtube.com/watch?v=Remrf9oHsSk,25
842,"17 Oct 2017, 15:56:59 IST",https://www.youtube.com/watch?v=cXngQR4QqMc,24
843,"17 Oct 2017, 15:55:42 IST",https://www.youtube.com/watch?v=fsFEA1r6b7E,26
844,"17 Oct 2017, 15:55:24 IST",https://www.youtube.com/watch?v=OTJpofdJSac,26
845,"17 Oct 2017, 15:54:39 IST",https://www.youtube.com/watch?v=B96bamPmVo8,26
846,"16 Oct 2017, 19:53:14 IST",https://www.youtube.com/watch?v=xjDjIWPwcPU,24
847,"15 Oct 2017, 21:56:47 IST",https://www.youtube.com/watch?v=dZXuYoLOw3U,22
848,"15 Oct 2017, 21:50:37 IST",https://www.youtube.com/watch?v=Z_ftkS2Xk80,26
849,"15 Oct 2017, 21:42:54 IST",https://www.youtube.com/watch?v=1Uf3gFR-6II,26
850,"15 Oct 2017, 21:40:39 IST",https://www.youtube.com/watch?v=MTjnHzjYzgU,25
851,"15 Oct 2017, 21:20:02 IST",https://www.youtube.com/watch?v=9S_fnC5jPgw,22
852,"15 Oct 2017, 13:54:25 IST",https://www.youtube.com/watch?v=qv6UVOQ0F44,20
853,"15 Oct 2017, 13:20:27 IST",https://www.youtube.com/watch?v=0Ov5dzZxKnI,26
854,"15 Oct 2017, 13:17:28 IST",https://www.youtube.com/watch?v=3ahLPtHX3WE,26
855,"15 Oct 2017, 11:04:57 IST",https://www.youtube.com/watch?v=kmDMrxUSXKY,27
856,"15 Oct 2017, 11:02:12 IST",https://www.youtube.com/watch?v=8YYSl8iXuA0,28
857,"15 Oct 2017, 10:59:44 IST",https://www.youtube.com/watch?v=bPTpVRb4R7Y,28
858,"15 Oct 2017, 10:56:56 IST",https://www.youtube.com/watch?v=cUFkFXqVxVM,28
859,"15 Oct 2017, 10:50:57 IST",https://www.youtube.com/watch?v=jv2BdHXRD3Q,27
860,"15 Oct 2017, 10:35:24 IST",https://www.youtube.com/watch?v=MhRAEue9dlU,27
861,"15 Oct 2017, 09:56:16 IST",https://www.youtube.com/watch?v=MYlcc2Xw_E8,27
862,"15 Oct 2017, 09:31:22 IST",https://www.youtube.com/watch?v=f_lRTq_0FGo,1
863,"14 Oct 2017, 06:49:15 IST",https://www.youtube.com/watch?v=pT-lgtlM8-g,26
864,"14 Oct 2017, 00:35:22 IST",https://www.youtube.com/watch?v=lIF2HXLHims,26
865,"14 Oct 2017, 00:31:43 IST",https://www.youtube.com/watch?v=QFFqnAWf0U8,26
866,"14 Oct 2017, 00:27:43 IST",https://www.youtube.com/watch?v=q4dp6lx_WLc,26
867,"14 Oct 2017, 00:22:52 IST",https://www.youtube.com/watch?v=qDRxBEO6lAc,26
868,"14 Oct 2017, 00:16:11 IST",https://www.youtube.com/watch?v=1l3S1kI8oqY,28
869,"13 Oct 2017, 17:44:18 IST",https://www.youtube.com/watch?v=iLAHvvGRRWA,26
870,"13 Oct 2017, 17:38:22 IST",https://www.youtube.com/watch?v=WxmcG7m1VMQ,26
871,"13 Oct 2017, 17:34:41 IST",https://www.youtube.com/watch?v=3LkEi2jcq3Y,26
872,"13 Oct 2017, 17:33:06 IST",https://www.youtube.com/watch?v=NpfsVIMs54Y,26
873,"13 Oct 2017, 17:30:30 IST",https://www.youtube.com/watch?v=ypQ5PzcEWp8,26
874,"13 Oct 2017, 17:21:51 IST",https://www.youtube.com/watch?v=38y2ZfPOhoM,26
875,"13 Oct 2017, 17:21:50 IST",https://www.youtube.com/watch?v=JDFoC0GBEG8,26
876,"13 Oct 2017, 17:18:59 IST",https://www.youtube.com/watch?v=gpeYrfCjqtc,1
877,"13 Oct 2017, 17:03:13 IST",https://www.youtube.com/watch?v=8DP_eWHE-Ws,26
878,"13 Oct 2017, 16:59:44 IST",https://www.youtube.com/watch?v=0oIehLz8kc0,26
879,"13 Oct 2017, 16:53:03 IST",https://www.youtube.com/watch?v=rsAnxoMNrik,26
880,"13 Oct 2017, 16:50:02 IST",https://www.youtube.com/watch?v=B2OjYr3Sczw,26
881,"13 Oct 2017, 16:50:00 IST",https://www.youtube.com/watch?v=7G2NSOlY_lA,26
882,"13 Oct 2017, 16:49:36 IST",https://www.youtube.com/watch?v=ddklrRexFwI,26
883,"13 Oct 2017, 16:48:55 IST",https://www.youtube.com/watch?v=vusznEeUNAw,26
884,"13 Oct 2017, 16:48:33 IST",https://www.youtube.com/watch?v=TZBZnBm5tLU,26
885,"13 Oct 2017, 16:45:33 IST",https://www.youtube.com/watch?v=V9MSmFTLsu8,26
886,"13 Oct 2017, 16:41:10 IST",https://www.youtube.com/watch?v=1N6QBdZCwh4,26
887,"13 Oct 2017, 16:37:01 IST",https://www.youtube.com/watch?v=W6utOYkbS8I,26
889,"13 Oct 2017, 16:13:06 IST",https://www.youtube.com/watch?v=mZ8pkd_I0iM,26
890,"13 Oct 2017, 12:09:44 IST",https://www.youtube.com/watch?v=ghjVpREmJbo,26
891,"13 Oct 2017, 12:04:37 IST",https://www.youtube.com/watch?v=S0sDyOX-naA,26
892,"13 Oct 2017, 11:56:58 IST",https://www.youtube.com/watch?v=-_ZcTb2i5z8,23
893,"13 Oct 2017, 11:46:10 IST",https://www.youtube.com/watch?v=bUbBWW0XRXc,26
894,"13 Oct 2017, 11:34:29 IST",https://www.youtube.com/watch?v=oyhhIwA7pQ4,26
895,"13 Oct 2017, 06:58:33 IST",https://www.youtube.com/watch?v=ALOEtDXRlkY,24
896,"13 Oct 2017, 06:54:46 IST",https://www.youtube.com/watch?v=pbnSaCTtZ2Q,24
897,"13 Oct 2017, 06:54:21 IST",https://www.youtube.com/watch?v=iL_-GwbEP4g,10
898,"12 Oct 2017, 20:00:25 IST",https://www.youtube.com/watch?v=52G7A5HaJTQ,22
899,"12 Oct 2017, 17:43:57 IST",https://www.youtube.com/watch?v=iL_-GwbEP4g,10
900,"12 Oct 2017, 16:04:15 IST",https://www.youtube.com/watch?v=qUzD_yVwQi8,26
901,"12 Oct 2017, 11:16:01 IST",https://www.youtube.com/watch?v=Pi1PoAFrWmc,26
902,"12 Oct 2017, 11:01:43 IST",https://www.youtube.com/watch?v=ySMTE61_oQ8,25
903,"12 Oct 2017, 10:59:11 IST",https://www.youtube.com/watch?v=jV-0sRjhDTw,24
904,"11 Oct 2017, 16:36:41 IST",https://www.youtube.com/watch?v=IFWbxZrjWhM,27
905,"11 Oct 2017, 16:34:16 IST",https://www.youtube.com/watch?v=Mad_J8s97OM,28
906,"11 Oct 2017, 16:18:44 IST",https://www.youtube.com/watch?v=hkFwmPBaOXI,25
907,"10 Oct 2017, 20:42:17 IST",https://www.youtube.com/watch?v=cTSR0_F4CpM,17
908,"10 Oct 2017, 20:37:26 IST",https://www.youtube.com/watch?v=QF0VAKhHWCg,17
909,"10 Oct 2017, 20:33:12 IST",https://www.youtube.com/watch?v=FtrYlYqX0Tg,17
910,"10 Oct 2017, 20:29:32 IST",https://www.youtube.com/watch?v=W3Oz4cxzPLQ,17
911,"10 Oct 2017, 20:23:59 IST",https://www.youtube.com/watch?v=AU_HAiBaeM4,17
912,"10 Oct 2017, 20:14:56 IST",https://www.youtube.com/watch?v=LJiRwRTSku8,17
913,"9 Oct 2017, 20:40:34 IST",https://www.youtube.com/watch?v=wmca2wWi1CM,24
914,"9 Oct 2017, 10:06:05 IST",https://www.youtube.com/watch?v=iHlIDH6yDW4,23
915,"9 Oct 2017, 09:58:34 IST",https://www.youtube.com/watch?v=3xQOJ_ALyOU,22
916,"9 Oct 2017, 09:52:46 IST",https://www.youtube.com/watch?v=T5E6dOro-Is,22
917,"9 Oct 2017, 09:45:59 IST",https://www.youtube.com/watch?v=DWmGArQBtFI,26
918,"9 Oct 2017, 09:39:37 IST",https://www.youtube.com/watch?v=4bvegJMpARU,26
919,"9 Oct 2017, 09:34:13 IST",https://www.youtube.com/watch?v=k-Hy_KiJ1Gk,26
920,"8 Oct 2017, 21:02:11 IST",https://www.youtube.com/watch?v=r9-DM9uBtVI,24
921,"8 Oct 2017, 20:25:20 IST",https://www.youtube.com/watch?v=X5_Pj-ooYgA,23
922,"8 Oct 2017, 16:17:42 IST",https://www.youtube.com/watch?v=Wp1g5FKghIU,28
923,"8 Oct 2017, 12:20:09 IST",https://www.youtube.com/watch?v=RmGb-jU3uVQ,27
924,"8 Oct 2017, 08:06:05 IST",https://www.youtube.com/watch?v=JKaqD5hwgds,25
925,"8 Oct 2017, 07:47:04 IST",https://www.youtube.com/watch?v=NQDmWUsT1AQ,24
926,"8 Oct 2017, 07:33:57 IST",https://www.youtube.com/watch?v=HmZs6_CJ_u8,27
927,"8 Oct 2017, 07:32:01 IST",https://www.youtube.com/watch?v=_CvFrTyvLdU,25
928,"7 Oct 2017, 19:53:01 IST",https://www.youtube.com/watch?v=M7-qnvEKMaU,27
929,"7 Oct 2017, 19:31:53 IST",https://www.youtube.com/watch?v=7ArZ9GK4AIQ,26
930,"7 Oct 2017, 10:11:33 IST",https://www.youtube.com/watch?v=SYNpa2hzsy4,24
931,"7 Oct 2017, 10:11:30 IST",https://www.youtube.com/watch?v=7iQiqYDmHpw,24
932,"7 Oct 2017, 10:07:20 IST",https://www.youtube.com/watch?v=mDN5DnMkSw4,26
933,"6 Oct 2017, 21:07:45 IST",https://www.youtube.com/watch?v=BA2rHlbB5i0,27
934,"6 Oct 2017, 21:03:09 IST",https://www.youtube.com/watch?v=7Hn5qUmL-Q8,1
935,"6 Oct 2017, 20:40:58 IST",https://www.youtube.com/watch?v=ct-mHwAb3g4,28
936,"6 Oct 2017, 20:32:12 IST",https://www.youtube.com/watch?v=e77ebpLoljE,22
937,"6 Oct 2017, 20:21:41 IST",https://www.youtube.com/watch?v=PfjRa7-NviE,23
938,"6 Oct 2017, 20:16:33 IST",https://www.youtube.com/watch?v=dGTHAc_XwWc,28
939,"6 Oct 2017, 20:16:19 IST",https://www.youtube.com/watch?v=sjlHnJvXdQs,23
940,"6 Oct 2017, 17:15:53 IST",https://www.youtube.com/watch?v=7pOqFwTAs0s,22
941,"6 Oct 2017, 17:14:40 IST",https://www.youtube.com/watch?v=mYHnI074R6w,26
942,"6 Oct 2017, 17:12:44 IST",https://www.youtube.com/watch?v=QrUxLSGJrTk,22
943,"6 Oct 2017, 17:08:12 IST",https://www.youtube.com/watch?v=mXw6kwiow7k,17
944,"6 Oct 2017, 17:03:21 IST",https://www.youtube.com/watch?v=lRXzJtmc2ZA,26
945,"6 Oct 2017, 16:48:54 IST",https://www.youtube.com/watch?v=YfRLXrxFNrc,24
946,"6 Oct 2017, 16:44:09 IST",https://www.youtube.com/watch?v=xWX0jYQdyP8,26
947,"6 Oct 2017, 15:26:15 IST",https://www.youtube.com/watch?v=6X7VvJms6v8,17
948,"6 Oct 2017, 14:50:38 IST",https://www.youtube.com/watch?v=EFedTWRd8V4,26
949,"6 Oct 2017, 09:57:04 IST",https://www.youtube.com/watch?v=0mlpUB9WdZA,26
950,"6 Oct 2017, 09:51:19 IST",https://www.youtube.com/watch?v=NDVo7W5xlkE,28
951,"6 Oct 2017, 09:39:47 IST",https://www.youtube.com/watch?v=34Na4j8AVgA,10
952,"6 Oct 2017, 08:45:31 IST",https://www.youtube.com/watch?v=DNSwXlQcou0,22
953,"5 Oct 2017, 23:02:24 IST",https://www.youtube.com/watch?v=sM-gyn41iQs,26
954,"5 Oct 2017, 22:52:51 IST",https://www.youtube.com/watch?v=EFedTWRd8V4,26
955,"5 Oct 2017, 22:45:15 IST",https://www.youtube.com/watch?v=sXn1IbIIiuE,26
956,"5 Oct 2017, 22:04:17 IST",https://www.youtube.com/watch?v=IPV1UV8N82U,22
957,"5 Oct 2017, 18:37:08 IST",https://www.youtube.com/watch?v=kf0vE_SpEbo,20
958,"5 Oct 2017, 18:31:36 IST",https://www.youtube.com/watch?v=e67OCOMaXXA,20
959,"5 Oct 2017, 18:28:33 IST",https://www.youtube.com/watch?v=Sn276Zk5B40,23
960,"5 Oct 2017, 18:24:29 IST",https://www.youtube.com/watch?v=8WNdERKxcRQ,1
961,"5 Oct 2017, 18:18:20 IST",https://www.youtube.com/watch?v=OVJRVpM6mrY,20
962,"5 Oct 2017, 17:07:56 IST",https://www.youtube.com/watch?v=LEsiGY6gwKw,26
963,"5 Oct 2017, 17:02:42 IST",https://www.youtube.com/watch?v=60UwsAioi8M,26
964,"5 Oct 2017, 17:02:31 IST",https://www.youtube.com/watch?v=OGUJRuzXQk0,26
965,"5 Oct 2017, 17:02:04 IST",https://www.youtube.com/watch?v=dmnDyKOdZTI,26
966,"5 Oct 2017, 17:01:14 IST",https://www.youtube.com/watch?v=QPeq6uoSXvo,26
967,"5 Oct 2017, 17:01:04 IST",https://www.youtube.com/watch?v=tcCVcBTdU3U,26
968,"5 Oct 2017, 16:59:30 IST",https://www.youtube.com/watch?v=uNqjAn19l80,26
969,"5 Oct 2017, 16:50:22 IST",https://www.youtube.com/watch?v=-v-Mso_r_P4,26
970,"5 Oct 2017, 16:35:32 IST",https://www.youtube.com/watch?v=9-poaWAHimU,26
971,"5 Oct 2017, 16:35:29 IST",https://www.youtube.com/watch?v=uWXDOHUWAag,26
972,"5 Oct 2017, 16:27:54 IST",https://www.youtube.com/watch?v=vY_lJ0u9Dgw,26
973,"5 Oct 2017, 16:22:39 IST",https://www.youtube.com/watch?v=hY9o91V-SmE,26
974,"5 Oct 2017, 16:03:31 IST",https://www.youtube.com/watch?v=DZuJpnXEK08,25
975,"5 Oct 2017, 15:55:58 IST",https://www.youtube.com/watch?v=k69q4HauY8s,25
976,"5 Oct 2017, 15:52:49 IST",https://www.youtube.com/watch?v=mvfvoCdPrII,1
977,"4 Oct 2017, 23:28:33 IST",https://www.youtube.com/watch?v=w05jWoaIHUs,28
978,"4 Oct 2017, 23:17:19 IST",https://www.youtube.com/watch?v=HGTZzS1bZDE,28
980,"4 Oct 2017, 21:39:27 IST",https://www.youtube.com/watch?v=0YGoxbeSzLc,28
981,"4 Oct 2017, 20:45:02 IST",https://www.youtube.com/watch?v=34Na4j8AVgA,10
983,"4 Oct 2017, 19:18:14 IST",https://www.youtube.com/watch?v=g8gwqq8TCyU,26
984,"4 Oct 2017, 19:17:51 IST",https://www.youtube.com/watch?v=0H-4rwWVVjU,24
985,"4 Oct 2017, 19:06:40 IST",https://www.youtube.com/watch?v=-DZCwp0MkYg,26
986,"4 Oct 2017, 19:03:19 IST",https://www.youtube.com/watch?v=i7bKWW6pifA,26
987,"4 Oct 2017, 18:59:16 IST",https://www.youtube.com/watch?v=-9pv2L0Taf4,23
989,"4 Oct 2017, 18:33:40 IST",https://www.youtube.com/watch?v=uHiSHsZ6plo,25
990,"4 Oct 2017, 17:52:43 IST",https://www.youtube.com/watch?v=KVhcW2cDm-Q,25
991,"4 Oct 2017, 17:48:40 IST",https://www.youtube.com/watch?v=VgQUwsUHdqc,24
993,"4 Oct 2017, 08:33:00 IST",https://www.youtube.com/watch?v=7C51N1jQoUE,27
994,"3 Oct 2017, 23:24:03 IST",https://www.youtube.com/watch?v=pk_D2NSdOvA,20
995,"3 Oct 2017, 23:22:12 IST",https://www.youtube.com/watch?v=Q-QgJ-EFq7A,20
996,"3 Oct 2017, 23:21:33 IST",https://www.youtube.com/watch?v=lLjr60GqsvI,20
997,"3 Oct 2017, 23:14:46 IST",https://www.youtube.com/watch?v=-SHewXulBF8,20
998,"3 Oct 2017, 23:12:23 IST",https://www.youtube.com/watch?v=SttjjKgf7N8,20
1000,"3 Oct 2017, 17:51:22 IST",https://www.youtube.com/watch?v=L4R4OZZXP2U,22
1001,"3 Oct 2017, 17:50:54 IST",https://www.youtube.com/watch?v=PqsR6vPtUSE,20
1002,"3 Oct 2017, 16:57:36 IST",https://www.youtube.com/watch?v=4ex7Aap2W8g,17
1003,"3 Oct 2017, 16:52:25 IST",https://www.youtube.com/watch?v=k7_HCeNn1Gc,26
1004,"3 Oct 2017, 16:48:50 IST",https://www.youtube.com/watch?v=auy0ojdCD2I,26
1005,"3 Oct 2017, 16:45:22 IST",https://www.youtube.com/watch?v=E1SxoDG_hRM,26
1006,"3 Oct 2017, 07:06:05 IST",https://www.youtube.com/watch?v=ACYHERGmais,27
1007,"3 Oct 2017, 07:02:58 IST",https://www.youtube.com/watch?v=uPhn4DOZKdo,26
1008,"2 Oct 2017, 20:21:36 IST",https://www.youtube.com/watch?v=qp0HIF3SfI4,28
1010,"2 Oct 2017, 20:03:03 IST",https://www.youtube.com/watch?v=TiVF_ZzzLM0,28
1011,"2 Oct 2017, 18:51:49 IST",https://www.youtube.com/watch?v=Ufmhww_7XNo,17
1012,"2 Oct 2017, 18:21:40 IST",https://www.youtube.com/watch?v=5C4u8RcqN6E,26
1013,"2 Oct 2017, 18:08:39 IST",https://www.youtube.com/watch?v=NTMkmajh6FQ,26
1014,"2 Oct 2017, 18:08:31 IST",https://www.youtube.com/watch?v=fAvOnpN7Shc,26
1015,"2 Oct 2017, 17:55:46 IST",https://www.youtube.com/watch?v=C49y4jEozTc,17
1016,"2 Oct 2017, 17:47:59 IST",https://www.youtube.com/watch?v=OENxC3bgAEs,26
1018,"2 Oct 2017, 13:21:29 IST",https://www.youtube.com/watch?v=Xe7LhxO0sT0,26
1020,"2 Oct 2017, 12:49:45 IST",https://www.youtube.com/watch?v=q7MCjaJ02eQ,24
1021,"2 Oct 2017, 12:45:17 IST",https://www.youtube.com/watch?v=3sZ_a6BL8aE,26
1022,"2 Oct 2017, 12:42:15 IST",https://www.youtube.com/watch?v=Rpj-O4Lk6QI,26
1023,"2 Oct 2017, 12:33:12 IST",https://www.youtube.com/watch?v=yoP6NCGb3oM,24
1024,"2 Oct 2017, 12:30:35 IST",https://www.youtube.com/watch?v=WLMIfMewXgI,24
1025,"2 Oct 2017, 12:26:18 IST",https://www.youtube.com/watch?v=noTb-ShT5UU,24
1026,"2 Oct 2017, 11:25:19 IST",https://www.youtube.com/watch?v=V8fBlwOc13w,26
1027,"2 Oct 2017, 11:08:20 IST",https://www.youtube.com/watch?v=k85mRPqvMbE,10
1028,"2 Oct 2017, 09:15:42 IST",https://www.youtube.com/watch?v=uRc20NoqsRg,26
1029,"2 Oct 2017, 09:13:10 IST",https://www.youtube.com/watch?v=hEDbYEDEOGI,17
1030,"2 Oct 2017, 09:10:44 IST",https://www.youtube.com/watch?v=oxsGtYDUzAg,26
1031,"1 Oct 2017, 22:22:48 IST",https://www.youtube.com/watch?v=zHOpfAaQz2Q,20
1032,"1 Oct 2017, 22:03:59 IST",https://www.youtube.com/watch?v=SWNq7THgX6M,20
1033,"1 Oct 2017, 09:46:24 IST",https://www.youtube.com/watch?v=G1tUfIAlF7w,22
1034,"30 Sept 2017, 12:07:31 IST",https://www.youtube.com/watch?v=c_Vl4T4Anc4,28
1035,"30 Sept 2017, 12:01:52 IST",https://www.youtube.com/watch?v=XtDc_iJ-j-M,27
1036,"30 Sept 2017, 11:59:01 IST",https://www.youtube.com/watch?v=QkHDuYgget8,22
1037,"30 Sept 2017, 11:56:24 IST",https://www.youtube.com/watch?v=eZZPO6Hqszs,22
1038,"30 Sept 2017, 11:47:50 IST",https://www.youtube.com/watch?v=BMbQUdyKTRM,26
1039,"30 Sept 2017, 11:42:31 IST",https://www.youtube.com/watch?v=H6QIGfxN6b0,24
1040,"30 Sept 2017, 11:02:16 IST",https://www.youtube.com/watch?v=Bb7DR94XXdc,28
1041,"30 Sept 2017, 10:49:13 IST",https://www.youtube.com/watch?v=MlyANQNYY7I,28
1042,"30 Sept 2017, 10:42:41 IST",https://www.youtube.com/watch?v=C0UtIGUYS7U,28
1043,"30 Sept 2017, 10:32:50 IST",https://www.youtube.com/watch?v=KUJOIqPrtvc,28
1044,"30 Sept 2017, 10:32:02 IST",https://www.youtube.com/watch?v=oB2Yfm6a9gc,28
1045,"30 Sept 2017, 10:22:46 IST",https://www.youtube.com/watch?v=3xHrOLzTLYI,24
1046,"30 Sept 2017, 10:15:22 IST",https://www.youtube.com/watch?v=zOMR73FC4Qw,24
1047,"30 Sept 2017, 10:08:13 IST",https://www.youtube.com/watch?v=zqE-ultsWt0,28
1048,"30 Sept 2017, 10:06:16 IST",https://www.youtube.com/watch?v=bMD1he9CMWg,24
1049,"30 Sept 2017, 08:47:46 IST",https://www.youtube.com/watch?v=NUMJIWyszT4,28
1050,"30 Sept 2017, 08:39:00 IST",https://www.youtube.com/watch?v=49YoBcySoJQ,28
1051,"30 Sept 2017, 08:32:52 IST",https://www.youtube.com/watch?v=ow4ALGfB2p0,28
1052,"30 Sept 2017, 08:30:00 IST",https://www.youtube.com/watch?v=HS-LivNKrtU,28
1053,"30 Sept 2017, 08:29:54 IST",https://www.youtube.com/watch?v=RB8A2-u8bl4,22
1054,"30 Sept 2017, 08:26:58 IST",https://www.youtube.com/watch?v=T6ckTqH1zyo,28
1055,"30 Sept 2017, 08:24:19 IST",https://www.youtube.com/watch?v=10fkkUEFSDQ,28
1056,"30 Sept 2017, 08:22:19 IST",https://www.youtube.com/watch?v=cXSEiRHj3YM,28
1057,"28 Sept 2017, 22:26:13 IST",https://www.youtube.com/watch?v=znwRzsYLr6s,27
1058,"28 Sept 2017, 07:48:20 IST",https://www.youtube.com/watch?v=ufaDurSCKOk,1
1059,"27 Sept 2017, 22:31:49 IST",https://www.youtube.com/watch?v=ddPA56gVxz0,27
1060,"26 Sept 2017, 15:14:19 IST",https://www.youtube.com/watch?v=OqimqTf6EP8,28
1061,"26 Sept 2017, 10:13:56 IST",https://www.youtube.com/watch?v=w6bGb4yt76s,26
1062,"26 Sept 2017, 10:07:11 IST",https://www.youtube.com/watch?v=ILDy6kYU-xQ,27
1063,"26 Sept 2017, 09:50:50 IST",https://www.youtube.com/watch?v=uASM7aFcQJ8,23
1064,"25 Sept 2017, 21:29:28 IST",https://www.youtube.com/watch?v=bKUj4F7V1uE,28
1065,"25 Sept 2017, 21:20:52 IST",https://www.youtube.com/watch?v=MLcQ0yIGq1c,26
1066,"25 Sept 2017, 12:49:46 IST",https://www.youtube.com/watch?v=S_9OSktlm6s,1
1067,"25 Sept 2017, 12:30:20 IST",https://www.youtube.com/watch?v=ORYKKNoRcDc,24
1068,"25 Sept 2017, 12:29:49 IST",https://www.youtube.com/watch?v=5w4vOxOmK6U,22
1069,"25 Sept 2017, 09:36:25 IST",https://www.youtube.com/watch?v=54bo1qaHAfk,27
1071,"25 Sept 2017, 09:12:16 IST",https://www.youtube.com/watch?v=dFKhWe2bBkM,24
1072,"24 Sept 2017, 17:33:20 IST",https://www.youtube.com/watch?v=5YxzWnbqaJI,27
1073,"24 Sept 2017, 17:03:19 IST",https://www.youtube.com/watch?v=sNbMXJ2_yqU,2
1074,"24 Sept 2017, 16:57:13 IST",https://www.youtube.com/watch?v=YtE0OsRWeYI,27
1075,"23 Sept 2017, 13:24:34 IST",https://www.youtube.com/watch?v=iRv6wKRCybA,22
1077,"21 Sept 2017, 08:20:33 IST",https://www.youtube.com/watch?v=-aeizTeC8Fo,10
1078,"21 Sept 2017, 08:20:32 IST",https://www.youtube.com/watch?v=7RfEVEVWRww,26
1079,"21 Sept 2017, 08:20:32 IST",https://www.youtube.com/watch?v=lYSULtdWY6c,1
1080,"21 Sept 2017, 08:20:31 IST",https://www.youtube.com/watch?v=aPTbqpcqzN4,10
1081,"21 Sept 2017, 08:20:31 IST",https://www.youtube.com/watch?v=kS5Jzui7WJc,2
1083,"21 Sept 2017, 08:15:21 IST",https://www.youtube.com/watch?v=CcTcZ3mOBB8,28
1084,"20 Sept 2017, 18:17:35 IST",https://www.youtube.com/watch?v=7ib3ql52Cy4,28
1085,"20 Sept 2017, 17:31:11 IST",https://www.youtube.com/watch?v=YompsDlEdtc,27
1087,"20 Sept 2017, 09:44:48 IST",https://www.youtube.com/watch?v=34Na4j8AVgA,10
1091,"19 Sept 2017, 07:55:09 IST",https://www.youtube.com/watch?v=E-VWSjXUj14,28
1092,"19 Sept 2017, 07:52:13 IST",https://www.youtube.com/watch?v=rkG5dimlQyc,20
1093,"18 Sept 2017, 09:11:46 IST",https://www.youtube.com/watch?v=aGjL7YXI31Q,22
1094,"17 Sept 2017, 22:56:52 IST",https://www.youtube.com/watch?v=EGWRG5e1O2s,27
1095,"17 Sept 2017, 21:52:40 IST",https://www.youtube.com/watch?v=sNbMXJ2_yqU,2
1096,"17 Sept 2017, 19:32:36 IST",https://www.youtube.com/watch?v=gawsHM4cdyo,27
1097,"17 Sept 2017, 19:02:28 IST",https://www.youtube.com/watch?v=4jkbxsSamo8,17
1098,"17 Sept 2017, 18:59:28 IST",https://www.youtube.com/watch?v=5j8G_Fwd60Q,24
1099,"17 Sept 2017, 18:55:02 IST",https://www.youtube.com/watch?v=RBqfiDDUcqk,17
1100,"17 Sept 2017, 13:53:50 IST",https://www.youtube.com/watch?v=34Na4j8AVgA,10
1102,"17 Sept 2017, 11:47:32 IST",https://www.youtube.com/watch?v=GvNQHA6jqfs,28
1104,"17 Sept 2017, 11:29:53 IST",https://www.youtube.com/watch?v=_7rRK4S9uk0,23
1105,"17 Sept 2017, 09:04:34 IST",https://www.youtube.com/watch?v=X0VH78ye4yY,28
1106,"17 Sept 2017, 09:03:50 IST",https://www.youtube.com/watch?v=W71BTkUbdqE,22
1107,"17 Sept 2017, 09:03:23 IST",https://www.youtube.com/watch?v=lV8-1S28ycM,28
1108,"17 Sept 2017, 08:20:51 IST",https://www.youtube.com/watch?v=4XpnKHJAok8,26
1109,"17 Sept 2017, 08:11:50 IST",https://www.youtube.com/watch?v=KX608C2RZek,28
1110,"17 Sept 2017, 07:55:06 IST",https://www.youtube.com/watch?v=pAMA5Rtef90,20
1111,"16 Sept 2017, 14:27:58 IST",https://www.youtube.com/watch?v=sBbQc164I3U,27
1112,"16 Sept 2017, 14:09:49 IST",https://www.youtube.com/watch?v=tGhjQXHdVqw,27
1113,"16 Sept 2017, 11:52:08 IST",https://www.youtube.com/watch?v=vuT_bXzhqhY,10
1114,"16 Sept 2017, 11:47:07 IST",https://www.youtube.com/watch?v=34Na4j8AVgA,10
1115,"16 Sept 2017, 08:58:56 IST",https://www.youtube.com/watch?v=kYB-9KTZ_LY,28
1116,"16 Sept 2017, 08:54:27 IST",https://www.youtube.com/watch?v=bGBHk-2CfuA,28
1117,"16 Sept 2017, 07:52:48 IST",https://www.youtube.com/watch?v=8TyrzJeAsOg,26
1118,"15 Sept 2017, 23:33:51 IST",https://www.youtube.com/watch?v=8TyrzJeAsOg,26
1119,"15 Sept 2017, 22:44:19 IST",https://www.youtube.com/watch?v=DYss6KT5ydw,26
1120,"15 Sept 2017, 22:15:09 IST",https://www.youtube.com/watch?v=4w4KUUK2Fs8,20
1123,"15 Sept 2017, 21:14:26 IST",https://www.youtube.com/watch?v=LVB5BWjvUcc,28
1125,"15 Sept 2017, 21:10:22 IST",https://www.youtube.com/watch?v=DYMEb0ZCfes,20
1126,"15 Sept 2017, 21:02:08 IST",https://www.youtube.com/watch?v=tQHiFfyGt4s,26
1129,"15 Sept 2017, 14:53:20 IST",https://www.youtube.com/watch?v=qzAWlp2Ojfg,24
1130,"15 Sept 2017, 14:51:20 IST",https://www.youtube.com/watch?v=SMTckPXgtcA,24
1131,"15 Sept 2017, 14:36:24 IST",https://www.youtube.com/watch?v=XCXVP_VZ40g,20
1132,"15 Sept 2017, 14:28:57 IST",https://www.youtube.com/watch?v=TdJcK6X4Cb8,20
1133,"15 Sept 2017, 14:21:08 IST",https://www.youtube.com/watch?v=EQUOmT4VVgc,24
1134,"15 Sept 2017, 11:35:12 IST",https://www.youtube.com/watch?v=8Be61Pv34ms,28
1137,"15 Sept 2017, 08:54:40 IST",https://www.youtube.com/watch?v=AKZIEwHtkR8,28
1138,"15 Sept 2017, 08:45:27 IST",https://www.youtube.com/watch?v=nhl7E9k5wO4,22
1141,"14 Sept 2017, 22:06:46 IST",https://www.youtube.com/watch?v=fr1X40_piMo,26
1143,"14 Sept 2017, 16:31:42 IST",https://www.youtube.com/watch?v=Qxo_ROdeQ9I,28
1145,"14 Sept 2017, 15:59:15 IST",https://www.youtube.com/watch?v=34Na4j8AVgA,10
1157,"10 Sept 2017, 10:15:03 IST",https://www.youtube.com/watch?v=0S7isdzIBU4,27
1165,"8 Sept 2017, 15:00:55 IST",https://www.youtube.com/watch?v=YVfCH7rur4U,17
1179,"6 Sept 2017, 21:59:20 IST",https://www.youtube.com/watch?v=FrteWKKVyzI,28
1182,"5 Sept 2017, 21:55:53 IST",https://www.youtube.com/watch?v=yAHl_kpqr-k,27
1184,"5 Sept 2017, 19:33:57 IST",https://www.youtube.com/watch?v=SoYnZHBP-6M,27
1210,"31 Aug 2017, 17:25:08 IST",https://www.youtube.com/watch?v=dqhVridyENU,2
1218,"31 Aug 2017, 15:29:22 IST",https://www.youtube.com/watch?v=8pU8ZMfBA_A,25
1230,"30 Aug 2017, 21:32:53 IST",https://www.youtube.com/watch?v=DIdoRSoAHh4,22
1238,"30 Aug 2017, 17:18:47 IST",https://www.youtube.com/watch?v=_8obM7azfDI,26
1414,"14 Aug 2017, 16:25:27 IST",https://www.youtube.com/watch?v=zXfDYaahsNA,27
2657,"14 Apr 2017, 16:47:42 IST",https://www.youtube.com/watch?v=95C82zP8WPA,23
2658,"14 Apr 2017, 16:38:22 IST",https://www.youtube.com/watch?v=I1WjZIHwl0A,23
2664,"14 Apr 2017, 15:45:27 IST",https://www.youtube.com/watch?v=Ebh1063N23I,23
2666,"14 Apr 2017, 15:35:36 IST",https://www.youtube.com/watch?v=JClPOHvOuWQ,23
2668,"14 Apr 2017, 11:28:29 IST",https://www.youtube.com/watch?v=7iYggzuo6Ks,27
2679,"13 Apr 2017, 14:06:16 IST",https://www.youtube.com/watch?v=owQFE-84iPE,26
2681,"13 Apr 2017, 13:43:54 IST",https://www.youtube.com/watch?v=MHlE5V180R4,26
4921,"7 Apr 2016, 19:31:47 IST",https://www.youtube.com/watch?v=22tSgne3ffw,28
4926,"6 Apr 2016, 11:30:33 IST",https://www.youtube.com/watch?v=7QpU6_GkFHc,29
4928,"6 Apr 2016, 11:22:43 IST",https://www.youtube.com/watch?v=xHXn3Kg2IQE,28
4952,"1 Apr 2016, 11:21:55 IST",https://www.youtube.com/watch?v=IL50oWdgfNY,28
